claim_id,adjuster_note
CLM50001,"Parking lot impact, third party accepted liability. Repair completed at network shop."
CLM50002,"Parking lot impact, third party accepted liability. Repair completed at network shop."
CLM50003,"Rear-end collision at signal, police report on file, photos consistent with damage. Standard repair authorized."
CLM50004,"Parking lot impact, third party accepted liability. Repair completed at network shop."
CLM50005,"Rear-end collision at signal, police report on file, photos consistent with damage. Standard repair authorized."
CLM50006,Weather-related single vehicle loss. Adjuster inspection matches estimate. No injuries reported.
CLM50007,"Parking lot impact, third party accepted liability. Repair completed at network shop."
CLM50008,"Rear-end collision at signal, police report on file, photos consistent with damage. Standard repair authorized."
CLM50009,"Parking lot impact, third party accepted liability. Repair completed at network shop."
CLM50010,Weather-related single vehicle loss. Adjuster inspection matches estimate. No injuries reported.
CLM50011,Injuries reported by all occupants despite minor bumper damage. Same clinic for all treatments. Claimant unreachable at listed address.
CLM50012,"Rear-end collision at signal, police report on file, photos consistent with damage. Standard repair authorized."
CLM50013,"Rear-end collision at signal, police report on file, photos consistent with damage. Standard repair authorized."
CLM50014,"Rear-end collision at signal, police report on file, photos consistent with damage. Standard repair authorized."
CLM50015,"Parking lot impact, third party accepted liability. Repair completed at network shop."
CLM50016,Estimate revised upward twice after initial appraisal. Additional parts claimed not consistent with photos. Claimant requested specific appraiser.
CLM50017,"Parking lot impact, third party accepted liability. Repair completed at network shop."
CLM50018,"Rear-end collision at signal, police report on file, photos consistent with damage. Standard repair authorized."
CLM50019,Weather-related single vehicle loss. Adjuster inspection matches estimate. No injuries reported.
CLM50020,Weather-related single vehicle loss. Adjuster inspection matches estimate. No injuries reported.
CLM50021,"Parking lot impact, third party accepted liability. Repair completed at network shop."
CLM50022,Second claim this quarter involving this repair facility. Photos show pre-existing rust at impact point. Tow initiated before FNOL call.
CLM50023,"Parking lot impact, third party accepted liability. Repair completed at network shop."
CLM50024,"Rear-end collision at signal, police report on file, photos consistent with damage. Standard repair authorized."
CLM50025,Weather-related single vehicle loss. Adjuster inspection matches estimate. No injuries reported.
CLM50026,Weather-related single vehicle loss. Adjuster inspection matches estimate. No injuries reported.
CLM50027,"Parking lot impact, third party accepted liability. Repair completed at network shop."
CLM50028,"Rear-end collision at signal, police report on file, photos consistent with damage. Standard repair authorized."
CLM50029,"Parking lot impact, third party accepted liability. Repair completed at network shop."
CLM50030,"Parking lot impact, third party accepted liability. Repair completed at network shop."
CLM50031,"Rear-end collision at signal, police report on file, photos consistent with damage. Standard repair authorized."
CLM50032,"Parking lot impact, third party accepted liability. Repair completed at network shop."
CLM50033,"Rear-end collision at signal, police report on file, photos consistent with damage. Standard repair authorized."
CLM50034,"Parking lot impact, third party accepted liability. Repair completed at network shop."
CLM50035,"Parking lot impact, third party accepted liability. Repair completed at network shop."
CLM50036,"Rear-end collision at signal, police report on file, photos consistent with damage. Standard repair authorized."
CLM50037,"Rear-end collision at signal, police report on file, photos consistent with damage. Standard repair authorized."
CLM50038,"Parking lot impact, third party accepted liability. Repair completed at network shop."
CLM50039,"Parking lot impact, third party accepted liability. Repair completed at network shop."
CLM50040,Estimate revised upward twice after initial appraisal. Additional parts claimed not consistent with photos. Claimant requested specific appraiser.
CLM50041,"Rear-end collision at signal, police report on file, photos consistent with damage. Standard repair authorized."
CLM50042,Claimant statement matches passenger statement word for word. No police report at scene. Repair estimate from shop received before inspection.
CLM50043,"Rear-end collision at signal, police report on file, photos consistent with damage. Standard repair authorized."
CLM50044,Weather-related single vehicle loss. Adjuster inspection matches estimate. No injuries reported.
CLM50045,Claimant statement matches passenger statement word for word. No police report at scene. Repair estimate from shop received before inspection.
CLM50046,Claimant statement matches passenger statement word for word. No police report at scene. Repair estimate from shop received before inspection.
CLM50047,"Parking lot impact, third party accepted liability. Repair completed at network shop."
CLM50048,"Rear-end collision at signal, police report on file, photos consistent with damage. Standard repair authorized."
CLM50049,Weather-related single vehicle loss. Adjuster inspection matches estimate. No injuries reported.
CLM50050,Weather-related single vehicle loss. Adjuster inspection matches estimate. No injuries reported.
CLM50051,Weather-related single vehicle loss. Adjuster inspection matches estimate. No injuries reported.
CLM50052,Weather-related single vehicle loss. Adjuster inspection matches estimate. No injuries reported.
CLM50053,"Parking lot impact, third party accepted liability. Repair completed at network shop."
CLM50054,"Parking lot impact, third party accepted liability. Repair completed at network shop."
CLM50055,"Rear-end collision at signal, police report on file, photos consistent with damage. Standard repair authorized."
CLM50056,"Parking lot impact, third party accepted liability. Repair completed at network shop."
CLM50057,Weather-related single vehicle loss. Adjuster inspection matches estimate. No injuries reported.
CLM50058,Estimate revised upward twice after initial appraisal. Additional parts claimed not consistent with photos. Claimant requested specific appraiser.
CLM50059,"Parking lot impact, third party accepted liability. Repair completed at network shop."
CLM50060,Estimate revised upward twice after initial appraisal. Additional parts claimed not consistent with photos. Claimant requested specific appraiser.
CLM50061,Weather-related single vehicle loss. Adjuster inspection matches estimate. No injuries reported.
CLM50062,Weather-related single vehicle loss. Adjuster inspection matches estimate. No injuries reported.
CLM50063,Weather-related single vehicle loss. Adjuster inspection matches estimate. No injuries reported.
CLM50064,Second claim this quarter involving this repair facility. Photos show pre-existing rust at impact point. Tow initiated before FNOL call.
CLM50065,"Rear-end collision at signal, police report on file, photos consistent with damage. Standard repair authorized."
CLM50066,Weather-related single vehicle loss. Adjuster inspection matches estimate. No injuries reported.
CLM50067,Weather-related single vehicle loss. Adjuster inspection matches estimate. No injuries reported.
CLM50068,Weather-related single vehicle loss. Adjuster inspection matches estimate. No injuries reported.
CLM50069,"Rear-end collision at signal, police report on file, photos consistent with damage. Standard repair authorized."
CLM50070,Weather-related single vehicle loss. Adjuster inspection matches estimate. No injuries reported.
CLM50071,"Parking lot impact, third party accepted liability. Repair completed at network shop."
CLM50072,"Rear-end collision at signal, police report on file, photos consistent with damage. Standard repair authorized."
CLM50073,"Rear-end collision at signal, police report on file, photos consistent with damage. Standard repair authorized."
CLM50074,"Rear-end collision at signal, police report on file, photos consistent with damage. Standard repair authorized."
CLM50075,Injuries reported by all occupants despite minor bumper damage. Same clinic for all treatments. Claimant unreachable at listed address.
CLM50076,Weather-related single vehicle loss. Adjuster inspection matches estimate. No injuries reported.
CLM50077,"Parking lot impact, third party accepted liability. Repair completed at network shop."
CLM50078,"Parking lot impact, third party accepted liability. Repair completed at network shop."
CLM50079,"Parking lot impact, third party accepted liability. Repair completed at network shop."
CLM50080,"Rear-end collision at signal, police report on file, photos consistent with damage. Standard repair authorized."
CLM50081,"Parking lot impact, third party accepted liability. Repair completed at network shop."
CLM50082,"Rear-end collision at signal, police report on file, photos consistent with damage. Standard repair authorized."
CLM50083,"Parking lot impact, third party accepted liability. Repair completed at network shop."
CLM50084,"Parking lot impact, third party accepted liability. Repair completed at network shop."
CLM50085,"Parking lot impact, third party accepted liability. Repair completed at network shop."
CLM50086,"Rear-end collision at signal, police report on file, photos consistent with damage. Standard repair authorized."
CLM50087,Weather-related single vehicle loss. Adjuster inspection matches estimate. No injuries reported.
CLM50088,Weather-related single vehicle loss. Adjuster inspection matches estimate. No injuries reported.
CLM50089,Weather-related single vehicle loss. Adjuster inspection matches estimate. No injuries reported.
CLM50090,"Parking lot impact, third party accepted liability. Repair completed at network shop."
CLM50091,"Rear-end collision at signal, police report on file, photos consistent with damage. Standard repair authorized."
CLM50092,Weather-related single vehicle loss. Adjuster inspection matches estimate. No injuries reported.
CLM50093,"Rear-end collision at signal, police report on file, photos consistent with damage. Standard repair authorized."
CLM50094,"Rear-end collision at signal, police report on file, photos consistent with damage. Standard repair authorized."
CLM50095,Weather-related single vehicle loss. Adjuster inspection matches estimate. No injuries reported.
CLM50096,"Parking lot impact, third party accepted liability. Repair completed at network shop."
CLM50097,Second claim this quarter involving this repair facility. Photos show pre-existing rust at impact point. Tow initiated before FNOL call.
CLM50098,"Rear-end collision at signal, police report on file, photos consistent with damage. Standard repair authorized."
CLM50099,Weather-related single vehicle loss. Adjuster inspection matches estimate. No injuries reported.
CLM50100,Weather-related single vehicle loss. Adjuster inspection matches estimate. No injuries reported.
CLM50101,Weather-related single vehicle loss. Adjuster inspection matches estimate. No injuries reported.
CLM50102,"Parking lot impact, third party accepted liability. Repair completed at network shop."
CLM50103,"Rear-end collision at signal, police report on file, photos consistent with damage. Standard repair authorized."
CLM50104,Estimate revised upward twice after initial appraisal. Additional parts claimed not consistent with photos. Claimant requested specific appraiser.
CLM50105,"Parking lot impact, third party accepted liability. Repair completed at network shop."
CLM50106,"Parking lot impact, third party accepted liability. Repair completed at network shop."
CLM50107,"Parking lot impact, third party accepted liability. Repair completed at network shop."
CLM50108,Weather-related single vehicle loss. Adjuster inspection matches estimate. No injuries reported.
CLM50109,Weather-related single vehicle loss. Adjuster inspection matches estimate. No injuries reported.
CLM50110,"Rear-end collision at signal, police report on file, photos consistent with damage. Standard repair authorized."
CLM50111,"Rear-end collision at signal, police report on file, photos consistent with damage. Standard repair authorized."
CLM50112,"Parking lot impact, third party accepted liability. Repair completed at network shop."
CLM50113,"Rear-end collision at signal, police report on file, photos consistent with damage. Standard repair authorized."
CLM50114,"Rear-end collision at signal, police report on file, photos consistent with damage. Standard repair authorized."
CLM50115,Weather-related single vehicle loss. Adjuster inspection matches estimate. No injuries reported.
CLM50116,Estimate revised upward twice after initial appraisal. Additional parts claimed not consistent with photos. Claimant requested specific appraiser.
CLM50117,"Parking lot impact, third party accepted liability. Repair completed at network shop."
CLM50118,"Parking lot impact, third party accepted liability. Repair completed at network shop."
CLM50119,"Rear-end collision at signal, police report on file, photos consistent with damage. Standard repair authorized."
CLM50120,Weather-related single vehicle loss. Adjuster inspection matches estimate. No injuries reported.
CLM50121,"Rear-end collision at signal, police report on file, photos consistent with damage. Standard repair authorized."
CLM50122,Weather-related single vehicle loss. Adjuster inspection matches estimate. No injuries reported.
CLM50123,Weather-related single vehicle loss. Adjuster inspection matches estimate. No injuries reported.
CLM50124,"Parking lot impact, third party accepted liability. Repair completed at network shop."
CLM50125,Estimate revised upward twice after initial appraisal. Additional parts claimed not consistent with photos. Claimant requested specific appraiser.
CLM50126,Weather-related single vehicle loss. Adjuster inspection matches estimate. No injuries reported.
CLM50127,Weather-related single vehicle loss. Adjuster inspection matches estimate. No injuries reported.
CLM50128,"Rear-end collision at signal, police report on file, photos consistent with damage. Standard repair authorized."
CLM50129,"Parking lot impact, third party accepted liability. Repair completed at network shop."
CLM50130,Weather-related single vehicle loss. Adjuster inspection matches estimate. No injuries reported.
CLM50131,"Rear-end collision at signal, police report on file, photos consistent with damage. Standard repair authorized."
CLM50132,"Rear-end collision at signal, police report on file, photos consistent with damage. Standard repair authorized."
CLM50133,"Rear-end collision at signal, police report on file, photos consistent with damage. Standard repair authorized."
CLM50134,"Parking lot impact, third party accepted liability. Repair completed at network shop."
CLM50135,"Rear-end collision at signal, police report on file, photos consistent with damage. Standard repair authorized."
CLM50136,Estimate revised upward twice after initial appraisal. Additional parts claimed not consistent with photos. Claimant requested specific appraiser.
CLM50137,"Parking lot impact, third party accepted liability. Repair completed at network shop."
CLM50138,Weather-related single vehicle loss. Adjuster inspection matches estimate. No injuries reported.
CLM50139,"Parking lot impact, third party accepted liability. Repair completed at network shop."
CLM50140,"Parking lot impact, third party accepted liability. Repair completed at network shop."
CLM50141,"Rear-end collision at signal, police report on file, photos consistent with damage. Standard repair authorized."
CLM50142,"Rear-end collision at signal, police report on file, photos consistent with damage. Standard repair authorized."
CLM50143,"Parking lot impact, third party accepted liability. Repair completed at network shop."
CLM50144,Weather-related single vehicle loss. Adjuster inspection matches estimate. No injuries reported.
CLM50145,Weather-related single vehicle loss. Adjuster inspection matches estimate. No injuries reported.
CLM50146,Claimant statement matches passenger statement word for word. No police report at scene. Repair estimate from shop received before inspection.
CLM50147,Injuries reported by all occupants despite minor bumper damage. Same clinic for all treatments. Claimant unreachable at listed address.
CLM50148,"Rear-end collision at signal, police report on file, photos consistent with damage. Standard repair authorized."
CLM50149,"Rear-end collision at signal, police report on file, photos consistent with damage. Standard repair authorized."
CLM50150,"Rear-end collision at signal, police report on file, photos consistent with damage. Standard repair authorized."
CLM50151,"Parking lot impact, third party accepted liability. Repair completed at network shop."
CLM50152,"Rear-end collision at signal, police report on file, photos consistent with damage. Standard repair authorized."
CLM50153,"Parking lot impact, third party accepted liability. Repair completed at network shop."
CLM50154,"Rear-end collision at signal, police report on file, photos consistent with damage. Standard repair authorized."
CLM50155,"Rear-end collision at signal, police report on file, photos consistent with damage. Standard repair authorized."
CLM50156,"Parking lot impact, third party accepted liability. Repair completed at network shop."
CLM50157,"Rear-end collision at signal, police report on file, photos consistent with damage. Standard repair authorized."
CLM50158,Weather-related single vehicle loss. Adjuster inspection matches estimate. No injuries reported.
CLM50159,"Rear-end collision at signal, police report on file, photos consistent with damage. Standard repair authorized."
CLM50160,Weather-related single vehicle loss. Adjuster inspection matches estimate. No injuries reported.
CLM50161,"Rear-end collision at signal, police report on file, photos consistent with damage. Standard repair authorized."
CLM50162,Weather-related single vehicle loss. Adjuster inspection matches estimate. No injuries reported.
CLM50163,"Rear-end collision at signal, police report on file, photos consistent with damage. Standard repair authorized."
CLM50164,Estimate revised upward twice after initial appraisal. Additional parts claimed not consistent with photos. Claimant requested specific appraiser.
CLM50165,"Rear-end collision at signal, police report on file, photos consistent with damage. Standard repair authorized."
CLM50166,Weather-related single vehicle loss. Adjuster inspection matches estimate. No injuries reported.
CLM50167,"Parking lot impact, third party accepted liability. Repair completed at network shop."
CLM50168,"Rear-end collision at signal, police report on file, photos consistent with damage. Standard repair authorized."
CLM50169,"Parking lot impact, third party accepted liability. Repair completed at network shop."
CLM50170,Injuries reported by all occupants despite minor bumper damage. Same clinic for all treatments. Claimant unreachable at listed address.
CLM50171,"Parking lot impact, third party accepted liability. Repair completed at network shop."
CLM50172,Weather-related single vehicle loss. Adjuster inspection matches estimate. No injuries reported.
CLM50173,"Rear-end collision at signal, police report on file, photos consistent with damage. Standard repair authorized."
CLM50174,Weather-related single vehicle loss. Adjuster inspection matches estimate. No injuries reported.
CLM50175,Weather-related single vehicle loss. Adjuster inspection matches estimate. No injuries reported.
CLM50176,"Rear-end collision at signal, police report on file, photos consistent with damage. Standard repair authorized."
CLM50177,"Parking lot impact, third party accepted liability. Repair completed at network shop."
CLM50178,Weather-related single vehicle loss. Adjuster inspection matches estimate. No injuries reported.
CLM50179,"Rear-end collision at signal, police report on file, photos consistent with damage. Standard repair authorized."
CLM50180,"Parking lot impact, third party accepted liability. Repair completed at network shop."
CLM50181,Weather-related single vehicle loss. Adjuster inspection matches estimate. No injuries reported.
CLM50182,Weather-related single vehicle loss. Adjuster inspection matches estimate. No injuries reported.
CLM50183,"Rear-end collision at signal, police report on file, photos consistent with damage. Standard repair authorized."
CLM50184,"Parking lot impact, third party accepted liability. Repair completed at network shop."
CLM50185,"Rear-end collision at signal, police report on file, photos consistent with damage. Standard repair authorized."
CLM50186,Estimate revised upward twice after initial appraisal. Additional parts claimed not consistent with photos. Claimant requested specific appraiser.
CLM50187,"Parking lot impact, third party accepted liability. Repair completed at network shop."
CLM50188,Weather-related single vehicle loss. Adjuster inspection matches estimate. No injuries reported.
CLM50189,"Parking lot impact, third party accepted liability. Repair completed at network shop."
CLM50190,"Rear-end collision at signal, police report on file, photos consistent with damage. Standard repair authorized."
CLM50191,"Parking lot impact, third party accepted liability. Repair completed at network shop."
CLM50192,"Rear-end collision at signal, police report on file, photos consistent with damage. Standard repair authorized."
CLM50193,"Parking lot impact, third party accepted liability. Repair completed at network shop."
CLM50194,Weather-related single vehicle loss. Adjuster inspection matches estimate. No injuries reported.
CLM50195,"Rear-end collision at signal, police report on file, photos consistent with damage. Standard repair authorized."
CLM50196,Second claim this quarter involving this repair facility. Photos show pre-existing rust at impact point. Tow initiated before FNOL call.
CLM50197,Weather-related single vehicle loss. Adjuster inspection matches estimate. No injuries reported.
CLM50198,"Parking lot impact, third party accepted liability. Repair completed at network shop."
CLM50199,"Parking lot impact, third party accepted liability. Repair completed at network shop."
CLM50200,Weather-related single vehicle loss. Adjuster inspection matches estimate. No injuries reported.
CLM50201,Weather-related single vehicle loss. Adjuster inspection matches estimate. No injuries reported.
CLM50202,"Parking lot impact, third party accepted liability. Repair completed at network shop."
CLM50203,"Parking lot impact, third party accepted liability. Repair completed at network shop."
CLM50204,"Parking lot impact, third party accepted liability. Repair completed at network shop."
CLM50205,"Rear-end collision at signal, police report on file, photos consistent with damage. Standard repair authorized."
CLM50206,"Rear-end collision at signal, police report on file, photos consistent with damage. Standard repair authorized."
CLM50207,"Rear-end collision at signal, police report on file, photos consistent with damage. Standard repair authorized."
CLM50208,"Parking lot impact, third party accepted liability. Repair completed at network shop."
CLM50209,Injuries reported by all occupants despite minor bumper damage. Same clinic for all treatments. Claimant unreachable at listed address.
CLM50210,Weather-related single vehicle loss. Adjuster inspection matches estimate. No injuries reported.
CLM50211,Weather-related single vehicle loss. Adjuster inspection matches estimate. No injuries reported.
CLM50212,"Rear-end collision at signal, police report on file, photos consistent with damage. Standard repair authorized."
CLM50213,Second claim this quarter involving this repair facility. Photos show pre-existing rust at impact point. Tow initiated before FNOL call.
CLM50214,"Parking lot impact, third party accepted liability. Repair completed at network shop."
CLM50215,"Parking lot impact, third party accepted liability. Repair completed at network shop."
CLM50216,"Rear-end collision at signal, police report on file, photos consistent with damage. Standard repair authorized."
CLM50217,"Parking lot impact, third party accepted liability. Repair completed at network shop."
CLM50218,"Parking lot impact, third party accepted liability. Repair completed at network shop."
CLM50219,Weather-related single vehicle loss. Adjuster inspection matches estimate. No injuries reported.
CLM50220,Weather-related single vehicle loss. Adjuster inspection matches estimate. No injuries reported.
CLM50221,"Rear-end collision at signal, police report on file, photos consistent with damage. Standard repair authorized."
CLM50222,"Rear-end collision at signal, police report on file, photos consistent with damage. Standard repair authorized."
CLM50223,"Rear-end collision at signal, police report on file, photos consistent with damage. Standard repair authorized."
CLM50224,"Parking lot impact, third party accepted liability. Repair completed at network shop."
CLM50225,"Parking lot impact, third party accepted liability. Repair completed at network shop."
CLM50226,"Rear-end collision at signal, police report on file, photos consistent with damage. Standard repair authorized."
CLM50227,Weather-related single vehicle loss. Adjuster inspection matches estimate. No injuries reported.
CLM50228,Weather-related single vehicle loss. Adjuster inspection matches estimate. No injuries reported.
CLM50229,"Parking lot impact, third party accepted liability. Repair completed at network shop."
CLM50230,Weather-related single vehicle loss. Adjuster inspection matches estimate. No injuries reported.
CLM50231,"Parking lot impact, third party accepted liability. Repair completed at network shop."
CLM50232,"Rear-end collision at signal, police report on file, photos consistent with damage. Standard repair authorized."
CLM50233,"Rear-end collision at signal, police report on file, photos consistent with damage. Standard repair authorized."
CLM50234,"Rear-end collision at signal, police report on file, photos consistent with damage. Standard repair authorized."
CLM50235,"Rear-end collision at signal, police report on file, photos consistent with damage. Standard repair authorized."
CLM50236,Weather-related single vehicle loss. Adjuster inspection matches estimate. No injuries reported.
CLM50237,"Parking lot impact, third party accepted liability. Repair completed at network shop."
CLM50238,"Rear-end collision at signal, police report on file, photos consistent with damage. Standard repair authorized."
CLM50239,Second claim this quarter involving this repair facility. Photos show pre-existing rust at impact point. Tow initiated before FNOL call.
CLM50240,Injuries reported by all occupants despite minor bumper damage. Same clinic for all treatments. Claimant unreachable at listed address.
CLM50241,Estimate revised upward twice after initial appraisal. Additional parts claimed not consistent with photos. Claimant requested specific appraiser.
CLM50242,"Parking lot impact, third party accepted liability. Repair completed at network shop."
CLM50243,"Parking lot impact, third party accepted liability. Repair completed at network shop."
CLM50244,"Rear-end collision at signal, police report on file, photos consistent with damage. Standard repair authorized."
CLM50245,"Parking lot impact, third party accepted liability. Repair completed at network shop."
CLM50246,Weather-related single vehicle loss. Adjuster inspection matches estimate. No injuries reported.
CLM50247,Estimate revised upward twice after initial appraisal. Additional parts claimed not consistent with photos. Claimant requested specific appraiser.
CLM50248,"Rear-end collision at signal, police report on file, photos consistent with damage. Standard repair authorized."
CLM50249,Weather-related single vehicle loss. Adjuster inspection matches estimate. No injuries reported.
CLM50250,"Rear-end collision at signal, police report on file, photos consistent with damage. Standard repair authorized."
CLM50251,Weather-related single vehicle loss. Adjuster inspection matches estimate. No injuries reported.
CLM50252,Weather-related single vehicle loss. Adjuster inspection matches estimate. No injuries reported.
CLM50253,"Rear-end collision at signal, police report on file, photos consistent with damage. Standard repair authorized."
CLM50254,"Parking lot impact, third party accepted liability. Repair completed at network shop."
CLM50255,"Rear-end collision at signal, police report on file, photos consistent with damage. Standard repair authorized."
CLM50256,Weather-related single vehicle loss. Adjuster inspection matches estimate. No injuries reported.
CLM50257,Injuries reported by all occupants despite minor bumper damage. Same clinic for all treatments. Claimant unreachable at listed address.
CLM50258,Weather-related single vehicle loss. Adjuster inspection matches estimate. No injuries reported.
CLM50259,"Rear-end collision at signal, police report on file, photos consistent with damage. Standard repair authorized."
CLM50260,"Parking lot impact, third party accepted liability. Repair completed at network shop."
CLM50261,Weather-related single vehicle loss. Adjuster inspection matches estimate. No injuries reported.
CLM50262,Weather-related single vehicle loss. Adjuster inspection matches estimate. No injuries reported.
CLM50263,Estimate revised upward twice after initial appraisal. Additional parts claimed not consistent with photos. Claimant requested specific appraiser.
CLM50264,"Parking lot impact, third party accepted liability. Repair completed at network shop."
CLM50265,Weather-related single vehicle loss. Adjuster inspection matches estimate. No injuries reported.
CLM50266,"Rear-end collision at signal, police report on file, photos consistent with damage. Standard repair authorized."
CLM50267,Weather-related single vehicle loss. Adjuster inspection matches estimate. No injuries reported.
CLM50268,"Rear-end collision at signal, police report on file, photos consistent with damage. Standard repair authorized."
CLM50269,"Rear-end collision at signal, police report on file, photos consistent with damage. Standard repair authorized."
CLM50270,"Parking lot impact, third party accepted liability. Repair completed at network shop."
CLM50271,Weather-related single vehicle loss. Adjuster inspection matches estimate. No injuries reported.
CLM50272,"Parking lot impact, third party accepted liability. Repair completed at network shop."
CLM50273,Claimant statement matches passenger statement word for word. No police report at scene. Repair estimate from shop received before inspection.
CLM50274,"Rear-end collision at signal, police report on file, photos consistent with damage. Standard repair authorized."
CLM50275,"Rear-end collision at signal, police report on file, photos consistent with damage. Standard repair authorized."
CLM50276,Weather-related single vehicle loss. Adjuster inspection matches estimate. No injuries reported.
CLM50277,Weather-related single vehicle loss. Adjuster inspection matches estimate. No injuries reported.
CLM50278,Weather-related single vehicle loss. Adjuster inspection matches estimate. No injuries reported.
CLM50279,"Rear-end collision at signal, police report on file, photos consistent with damage. Standard repair authorized."
CLM50280,"Rear-end collision at signal, police report on file, photos consistent with damage. Standard repair authorized."
CLM50281,Weather-related single vehicle loss. Adjuster inspection matches estimate. No injuries reported.
CLM50282,"Parking lot impact, third party accepted liability. Repair completed at network shop."
CLM50283,Weather-related single vehicle loss. Adjuster inspection matches estimate. No injuries reported.
CLM50284,"Rear-end collision at signal, police report on file, photos consistent with damage. Standard repair authorized."
CLM50285,"Parking lot impact, third party accepted liability. Repair completed at network shop."
CLM50286,"Rear-end collision at signal, police report on file, photos consistent with damage. Standard repair authorized."
CLM50287,"Parking lot impact, third party accepted liability. Repair completed at network shop."
CLM50288,"Parking lot impact, third party accepted liability. Repair completed at network shop."
CLM50289,Weather-related single vehicle loss. Adjuster inspection matches estimate. No injuries reported.
CLM50290,Weather-related single vehicle loss. Adjuster inspection matches estimate. No injuries reported.
CLM50291,"Rear-end collision at signal, police report on file, photos consistent with damage. Standard repair authorized."
CLM50292,Weather-related single vehicle loss. Adjuster inspection matches estimate. No injuries reported.
CLM50293,Weather-related single vehicle loss. Adjuster inspection matches estimate. No injuries reported.
CLM50294,"Rear-end collision at signal, police report on file, photos consistent with damage. Standard repair authorized."
CLM50295,Weather-related single vehicle loss. Adjuster inspection matches estimate. No injuries reported.
CLM50296,Estimate revised upward twice after initial appraisal. Additional parts claimed not consistent with photos. Claimant requested specific appraiser.
CLM50297,"Parking lot impact, third party accepted liability. Repair completed at network shop."
CLM50298,"Rear-end collision at signal, police report on file, photos consistent with damage. Standard repair authorized."
CLM50299,Weather-related single vehicle loss. Adjuster inspection matches estimate. No injuries reported.
CLM50300,"Parking lot impact, third party accepted liability. Repair completed at network shop."
CLM50301,"Rear-end collision at signal, police report on file, photos consistent with damage. Standard repair authorized."
CLM50302,"Rear-end collision at signal, police report on file, photos consistent with damage. Standard repair authorized."
CLM50303,"Parking lot impact, third party accepted liability. Repair completed at network shop."
CLM50304,Weather-related single vehicle loss. Adjuster inspection matches estimate. No injuries reported.
CLM50305,Estimate revised upward twice after initial appraisal. Additional parts claimed not consistent with photos. Claimant requested specific appraiser.
CLM50306,Weather-related single vehicle loss. Adjuster inspection matches estimate. No injuries reported.
CLM50307,"Rear-end collision at signal, police report on file, photos consistent with damage. Standard repair authorized."
CLM50308,"Parking lot impact, third party accepted liability. Repair completed at network shop."
CLM50309,Weather-related single vehicle loss. Adjuster inspection matches estimate. No injuries reported.
CLM50310,Weather-related single vehicle loss. Adjuster inspection matches estimate. No injuries reported.
CLM50311,Weather-related single vehicle loss. Adjuster inspection matches estimate. No injuries reported.
CLM50312,Weather-related single vehicle loss. Adjuster inspection matches estimate. No injuries reported.
CLM50313,"Parking lot impact, third party accepted liability. Repair completed at network shop."
CLM50314,"Rear-end collision at signal, police report on file, photos consistent with damage. Standard repair authorized."
CLM50315,Weather-related single vehicle loss. Adjuster inspection matches estimate. No injuries reported.
CLM50316,Weather-related single vehicle loss. Adjuster inspection matches estimate. No injuries reported.
CLM50317,"Rear-end collision at signal, police report on file, photos consistent with damage. Standard repair authorized."
CLM50318,Weather-related single vehicle loss. Adjuster inspection matches estimate. No injuries reported.
CLM50319,"Rear-end collision at signal, police report on file, photos consistent with damage. Standard repair authorized."
CLM50320,Injuries reported by all occupants despite minor bumper damage. Same clinic for all treatments. Claimant unreachable at listed address.
CLM50321,Estimate revised upward twice after initial appraisal. Additional parts claimed not consistent with photos. Claimant requested specific appraiser.
CLM50322,"Parking lot impact, third party accepted liability. Repair completed at network shop."
CLM50323,"Parking lot impact, third party accepted liability. Repair completed at network shop."
CLM50324,"Rear-end collision at signal, police report on file, photos consistent with damage. Standard repair authorized."
CLM50325,"Rear-end collision at signal, police report on file, photos consistent with damage. Standard repair authorized."
CLM50326,"Rear-end collision at signal, police report on file, photos consistent with damage. Standard repair authorized."
CLM50327,Second claim this quarter involving this repair facility. Photos show pre-existing rust at impact point. Tow initiated before FNOL call.
CLM50328,"Parking lot impact, third party accepted liability. Repair completed at network shop."
CLM50329,Injuries reported by all occupants despite minor bumper damage. Same clinic for all treatments. Claimant unreachable at listed address.
CLM50330,"Parking lot impact, third party accepted liability. Repair completed at network shop."
CLM50331,"Parking lot impact, third party accepted liability. Repair completed at network shop."
CLM50332,"Parking lot impact, third party accepted liability. Repair completed at network shop."
CLM50333,Injuries reported by all occupants despite minor bumper damage. Same clinic for all treatments. Claimant unreachable at listed address.
CLM50334,Weather-related single vehicle loss. Adjuster inspection matches estimate. No injuries reported.
CLM50335,Estimate revised upward twice after initial appraisal. Additional parts claimed not consistent with photos. Claimant requested specific appraiser.
CLM50336,"Rear-end collision at signal, police report on file, photos consistent with damage. Standard repair authorized."
CLM50337,"Parking lot impact, third party accepted liability. Repair completed at network shop."
CLM50338,"Parking lot impact, third party accepted liability. Repair completed at network shop."
CLM50339,Weather-related single vehicle loss. Adjuster inspection matches estimate. No injuries reported.
CLM50340,Weather-related single vehicle loss. Adjuster inspection matches estimate. No injuries reported.
CLM50341,"Parking lot impact, third party accepted liability. Repair completed at network shop."
CLM50342,Weather-related single vehicle loss. Adjuster inspection matches estimate. No injuries reported.
CLM50343,Weather-related single vehicle loss. Adjuster inspection matches estimate. No injuries reported.
CLM50344,Weather-related single vehicle loss. Adjuster inspection matches estimate. No injuries reported.
CLM50345,"Rear-end collision at signal, police report on file, photos consistent with damage. Standard repair authorized."
CLM50346,Weather-related single vehicle loss. Adjuster inspection matches estimate. No injuries reported.
CLM50347,"Parking lot impact, third party accepted liability. Repair completed at network shop."
CLM50348,"Rear-end collision at signal, police report on file, photos consistent with damage. Standard repair authorized."
CLM50349,"Rear-end collision at signal, police report on file, photos consistent with damage. Standard repair authorized."
CLM50350,"Parking lot impact, third party accepted liability. Repair completed at network shop."
CLM50351,"Parking lot impact, third party accepted liability. Repair completed at network shop."
CLM50352,"Parking lot impact, third party accepted liability. Repair completed at network shop."
CLM50353,"Rear-end collision at signal, police report on file, photos consistent with damage. Standard repair authorized."
CLM50354,Weather-related single vehicle loss. Adjuster inspection matches estimate. No injuries reported.
CLM50355,"Rear-end collision at signal, police report on file, photos consistent with damage. Standard repair authorized."
CLM50356,"Parking lot impact, third party accepted liability. Repair completed at network shop."
CLM50357,Weather-related single vehicle loss. Adjuster inspection matches estimate. No injuries reported.
CLM50358,"Parking lot impact, third party accepted liability. Repair completed at network shop."
CLM50359,"Parking lot impact, third party accepted liability. Repair completed at network shop."
CLM50360,Weather-related single vehicle loss. Adjuster inspection matches estimate. No injuries reported.
CLM50361,"Parking lot impact, third party accepted liability. Repair completed at network shop."
CLM50362,"Parking lot impact, third party accepted liability. Repair completed at network shop."
CLM50363,"Parking lot impact, third party accepted liability. Repair completed at network shop."
CLM50364,"Rear-end collision at signal, police report on file, photos consistent with damage. Standard repair authorized."
CLM50365,"Parking lot impact, third party accepted liability. Repair completed at network shop."
CLM50366,"Parking lot impact, third party accepted liability. Repair completed at network shop."
CLM50367,Weather-related single vehicle loss. Adjuster inspection matches estimate. No injuries reported.
CLM50368,"Rear-end collision at signal, police report on file, photos consistent with damage. Standard repair authorized."
CLM50369,"Parking lot impact, third party accepted liability. Repair completed at network shop."
CLM50370,"Parking lot impact, third party accepted liability. Repair completed at network shop."
CLM50371,"Rear-end collision at signal, police report on file, photos consistent with damage. Standard repair authorized."
CLM50372,"Parking lot impact, third party accepted liability. Repair completed at network shop."
CLM50373,"Rear-end collision at signal, police report on file, photos consistent with damage. Standard repair authorized."
CLM50374,"Rear-end collision at signal, police report on file, photos consistent with damage. Standard repair authorized."
CLM50375,"Rear-end collision at signal, police report on file, photos consistent with damage. Standard repair authorized."
CLM50376,"Rear-end collision at signal, police report on file, photos consistent with damage. Standard repair authorized."
CLM50377,"Parking lot impact, third party accepted liability. Repair completed at network shop."
CLM50378,Estimate revised upward twice after initial appraisal. Additional parts claimed not consistent with photos. Claimant requested specific appraiser.
CLM50379,Estimate revised upward twice after initial appraisal. Additional parts claimed not consistent with photos. Claimant requested specific appraiser.
CLM50380,Weather-related single vehicle loss. Adjuster inspection matches estimate. No injuries reported.
CLM50381,Weather-related single vehicle loss. Adjuster inspection matches estimate. No injuries reported.
CLM50382,"Parking lot impact, third party accepted liability. Repair completed at network shop."
CLM50383,Weather-related single vehicle loss. Adjuster inspection matches estimate. No injuries reported.
CLM50384,Weather-related single vehicle loss. Adjuster inspection matches estimate. No injuries reported.
CLM50385,Estimate revised upward twice after initial appraisal. Additional parts claimed not consistent with photos. Claimant requested specific appraiser.
CLM50386,"Rear-end collision at signal, police report on file, photos consistent with damage. Standard repair authorized."
CLM50387,"Rear-end collision at signal, police report on file, photos consistent with damage. Standard repair authorized."
CLM50388,Weather-related single vehicle loss. Adjuster inspection matches estimate. No injuries reported.
CLM50389,"Rear-end collision at signal, police report on file, photos consistent with damage. Standard repair authorized."
CLM50390,Estimate revised upward twice after initial appraisal. Additional parts claimed not consistent with photos. Claimant requested specific appraiser.
CLM50391,Second claim this quarter involving this repair facility. Photos show pre-existing rust at impact point. Tow initiated before FNOL call.
CLM50392,Claimant statement matches passenger statement word for word. No police report at scene. Repair estimate from shop received before inspection.
CLM50393,"Rear-end collision at signal, police report on file, photos consistent with damage. Standard repair authorized."
CLM50394,"Rear-end collision at signal, police report on file, photos consistent with damage. Standard repair authorized."
CLM50395,"Rear-end collision at signal, police report on file, photos consistent with damage. Standard repair authorized."
CLM50396,Weather-related single vehicle loss. Adjuster inspection matches estimate. No injuries reported.
CLM50397,"Parking lot impact, third party accepted liability. Repair completed at network shop."
CLM50398,"Parking lot impact, third party accepted liability. Repair completed at network shop."
CLM50399,"Parking lot impact, third party accepted liability. Repair completed at network shop."
CLM50400,Weather-related single vehicle loss. Adjuster inspection matches estimate. No injuries reported.
CLM50401,"Parking lot impact, third party accepted liability. Repair completed at network shop."
CLM50402,Estimate revised upward twice after initial appraisal. Additional parts claimed not consistent with photos. Claimant requested specific appraiser.
CLM50403,"Parking lot impact, third party accepted liability. Repair completed at network shop."
CLM50404,Weather-related single vehicle loss. Adjuster inspection matches estimate. No injuries reported.
CLM50405,"Rear-end collision at signal, police report on file, photos consistent with damage. Standard repair authorized."
CLM50406,"Rear-end collision at signal, police report on file, photos consistent with damage. Standard repair authorized."
CLM50407,"Rear-end collision at signal, police report on file, photos consistent with damage. Standard repair authorized."
CLM50408,"Parking lot impact, third party accepted liability. Repair completed at network shop."
CLM50409,"Parking lot impact, third party accepted liability. Repair completed at network shop."
CLM50410,"Rear-end collision at signal, police report on file, photos consistent with damage. Standard repair authorized."
CLM50411,Weather-related single vehicle loss. Adjuster inspection matches estimate. No injuries reported.
CLM50412,Weather-related single vehicle loss. Adjuster inspection matches estimate. No injuries reported.
CLM50413,Weather-related single vehicle loss. Adjuster inspection matches estimate. No injuries reported.
CLM50414,Weather-related single vehicle loss. Adjuster inspection matches estimate. No injuries reported.
CLM50415,Weather-related single vehicle loss. Adjuster inspection matches estimate. No injuries reported.
CLM50416,"Rear-end collision at signal, police report on file, photos consistent with damage. Standard repair authorized."
CLM50417,"Rear-end collision at signal, police report on file, photos consistent with damage. Standard repair authorized."
CLM50418,"Parking lot impact, third party accepted liability. Repair completed at network shop."
CLM50419,"Parking lot impact, third party accepted liability. Repair completed at network shop."
CLM50420,Second claim this quarter involving this repair facility. Photos show pre-existing rust at impact point. Tow initiated before FNOL call.
CLM50421,"Parking lot impact, third party accepted liability. Repair completed at network shop."
CLM50422,"Parking lot impact, third party accepted liability. Repair completed at network shop."
CLM50423,"Parking lot impact, third party accepted liability. Repair completed at network shop."
CLM50424,"Rear-end collision at signal, police report on file, photos consistent with damage. Standard repair authorized."
CLM50425,Weather-related single vehicle loss. Adjuster inspection matches estimate. No injuries reported.
CLM50426,Weather-related single vehicle loss. Adjuster inspection matches estimate. No injuries reported.
CLM50427,Weather-related single vehicle loss. Adjuster inspection matches estimate. No injuries reported.
CLM50428,"Parking lot impact, third party accepted liability. Repair completed at network shop."
CLM50429,Weather-related single vehicle loss. Adjuster inspection matches estimate. No injuries reported.
CLM50430,"Rear-end collision at signal, police report on file, photos consistent with damage. Standard repair authorized."
CLM50431,Weather-related single vehicle loss. Adjuster inspection matches estimate. No injuries reported.
CLM50432,Weather-related single vehicle loss. Adjuster inspection matches estimate. No injuries reported.
CLM50433,Weather-related single vehicle loss. Adjuster inspection matches estimate. No injuries reported.
CLM50434,"Parking lot impact, third party accepted liability. Repair completed at network shop."
CLM50435,"Parking lot impact, third party accepted liability. Repair completed at network shop."
CLM50436,"Rear-end collision at signal, police report on file, photos consistent with damage. Standard repair authorized."
CLM50437,Weather-related single vehicle loss. Adjuster inspection matches estimate. No injuries reported.
CLM50438,"Rear-end collision at signal, police report on file, photos consistent with damage. Standard repair authorized."
CLM50439,Claimant statement matches passenger statement word for word. No police report at scene. Repair estimate from shop received before inspection.
CLM50440,Weather-related single vehicle loss. Adjuster inspection matches estimate. No injuries reported.
CLM50441,"Rear-end collision at signal, police report on file, photos consistent with damage. Standard repair authorized."
CLM50442,"Parking lot impact, third party accepted liability. Repair completed at network shop."
CLM50443,"Parking lot impact, third party accepted liability. Repair completed at network shop."
CLM50444,"Parking lot impact, third party accepted liability. Repair completed at network shop."
CLM50445,Weather-related single vehicle loss. Adjuster inspection matches estimate. No injuries reported.
CLM50446,Weather-related single vehicle loss. Adjuster inspection matches estimate. No injuries reported.
CLM50447,Weather-related single vehicle loss. Adjuster inspection matches estimate. No injuries reported.
CLM50448,Weather-related single vehicle loss. Adjuster inspection matches estimate. No injuries reported.
CLM50449,"Rear-end collision at signal, police report on file, photos consistent with damage. Standard repair authorized."
CLM50450,"Rear-end collision at signal, police report on file, photos consistent with damage. Standard repair authorized."
CLM50451,Weather-related single vehicle loss. Adjuster inspection matches estimate. No injuries reported.
CLM50452,"Rear-end collision at signal, police report on file, photos consistent with damage. Standard repair authorized."
CLM50453,"Parking lot impact, third party accepted liability. Repair completed at network shop."
CLM50454,Weather-related single vehicle loss. Adjuster inspection matches estimate. No injuries reported.
CLM50455,Weather-related single vehicle loss. Adjuster inspection matches estimate. No injuries reported.
CLM50456,Weather-related single vehicle loss. Adjuster inspection matches estimate. No injuries reported.
CLM50457,"Rear-end collision at signal, police report on file, photos consistent with damage. Standard repair authorized."
CLM50458,"Rear-end collision at signal, police report on file, photos consistent with damage. Standard repair authorized."
CLM50459,Weather-related single vehicle loss. Adjuster inspection matches estimate. No injuries reported.
CLM50460,Weather-related single vehicle loss. Adjuster inspection matches estimate. No injuries reported.
CLM50461,Weather-related single vehicle loss. Adjuster inspection matches estimate. No injuries reported.
CLM50462,"Parking lot impact, third party accepted liability. Repair completed at network shop."
CLM50463,Estimate revised upward twice after initial appraisal. Additional parts claimed not consistent with photos. Claimant requested specific appraiser.
CLM50464,"Rear-end collision at signal, police report on file, photos consistent with damage. Standard repair authorized."
CLM50465,"Parking lot impact, third party accepted liability. Repair completed at network shop."
CLM50466,Estimate revised upward twice after initial appraisal. Additional parts claimed not consistent with photos. Claimant requested specific appraiser.
CLM50467,"Parking lot impact, third party accepted liability. Repair completed at network shop."
CLM50468,"Rear-end collision at signal, police report on file, photos consistent with damage. Standard repair authorized."
CLM50469,"Parking lot impact, third party accepted liability. Repair completed at network shop."
CLM50470,Weather-related single vehicle loss. Adjuster inspection matches estimate. No injuries reported.
CLM50471,Injuries reported by all occupants despite minor bumper damage. Same clinic for all treatments. Claimant unreachable at listed address.
CLM50472,"Rear-end collision at signal, police report on file, photos consistent with damage. Standard repair authorized."
CLM50473,"Parking lot impact, third party accepted liability. Repair completed at network shop."
CLM50474,"Rear-end collision at signal, police report on file, photos consistent with damage. Standard repair authorized."
CLM50475,"Parking lot impact, third party accepted liability. Repair completed at network shop."
CLM50476,"Parking lot impact, third party accepted liability. Repair completed at network shop."
CLM50477,"Parking lot impact, third party accepted liability. Repair completed at network shop."
CLM50478,"Parking lot impact, third party accepted liability. Repair completed at network shop."
CLM50479,"Rear-end collision at signal, police report on file, photos consistent with damage. Standard repair authorized."
CLM50480,"Parking lot impact, third party accepted liability. Repair completed at network shop."
CLM50481,Weather-related single vehicle loss. Adjuster inspection matches estimate. No injuries reported.
CLM50482,"Parking lot impact, third party accepted liability. Repair completed at network shop."
CLM50483,"Rear-end collision at signal, police report on file, photos consistent with damage. Standard repair authorized."
CLM50484,Second claim this quarter involving this repair facility. Photos show pre-existing rust at impact point. Tow initiated before FNOL call.
CLM50485,"Parking lot impact, third party accepted liability. Repair completed at network shop."
CLM50486,Weather-related single vehicle loss. Adjuster inspection matches estimate. No injuries reported.
CLM50487,"Parking lot impact, third party accepted liability. Repair completed at network shop."
CLM50488,"Parking lot impact, third party accepted liability. Repair completed at network shop."
CLM50489,"Rear-end collision at signal, police report on file, photos consistent with damage. Standard repair authorized."
CLM50490,"Rear-end collision at signal, police report on file, photos consistent with damage. Standard repair authorized."
CLM50491,"Rear-end collision at signal, police report on file, photos consistent with damage. Standard repair authorized."
CLM50492,"Rear-end collision at signal, police report on file, photos consistent with damage. Standard repair authorized."
CLM50493,"Parking lot impact, third party accepted liability. Repair completed at network shop."
CLM50494,Weather-related single vehicle loss. Adjuster inspection matches estimate. No injuries reported.
CLM50495,"Parking lot impact, third party accepted liability. Repair completed at network shop."
CLM50496,"Rear-end collision at signal, police report on file, photos consistent with damage. Standard repair authorized."
CLM50497,"Parking lot impact, third party accepted liability. Repair completed at network shop."
CLM50498,"Parking lot impact, third party accepted liability. Repair completed at network shop."
CLM50499,"Rear-end collision at signal, police report on file, photos consistent with damage. Standard repair authorized."
CLM50500,"Rear-end collision at signal, police report on file, photos consistent with damage. Standard repair authorized."
CLM50501,Weather-related single vehicle loss. Adjuster inspection matches estimate. No injuries reported.
CLM50502,"Parking lot impact, third party accepted liability. Repair completed at network shop."
CLM50503,"Rear-end collision at signal, police report on file, photos consistent with damage. Standard repair authorized."
CLM50504,"Parking lot impact, third party accepted liability. Repair completed at network shop."
CLM50505,Weather-related single vehicle loss. Adjuster inspection matches estimate. No injuries reported.
CLM50506,"Rear-end collision at signal, police report on file, photos consistent with damage. Standard repair authorized."
CLM50507,"Parking lot impact, third party accepted liability. Repair completed at network shop."
CLM50508,"Rear-end collision at signal, police report on file, photos consistent with damage. Standard repair authorized."
CLM50509,"Parking lot impact, third party accepted liability. Repair completed at network shop."
CLM50510,"Parking lot impact, third party accepted liability. Repair completed at network shop."
CLM50511,"Parking lot impact, third party accepted liability. Repair completed at network shop."
CLM50512,Weather-related single vehicle loss. Adjuster inspection matches estimate. No injuries reported.
CLM50513,Weather-related single vehicle loss. Adjuster inspection matches estimate. No injuries reported.
CLM50514,"Parking lot impact, third party accepted liability. Repair completed at network shop."
CLM50515,"Rear-end collision at signal, police report on file, photos consistent with damage. Standard repair authorized."
CLM50516,"Rear-end collision at signal, police report on file, photos consistent with damage. Standard repair authorized."
CLM50517,Weather-related single vehicle loss. Adjuster inspection matches estimate. No injuries reported.
CLM50518,Weather-related single vehicle loss. Adjuster inspection matches estimate. No injuries reported.
CLM50519,"Rear-end collision at signal, police report on file, photos consistent with damage. Standard repair authorized."
CLM50520,Weather-related single vehicle loss. Adjuster inspection matches estimate. No injuries reported.
CLM50521,"Parking lot impact, third party accepted liability. Repair completed at network shop."
CLM50522,"Rear-end collision at signal, police report on file, photos consistent with damage. Standard repair authorized."
CLM50523,"Parking lot impact, third party accepted liability. Repair completed at network shop."
CLM50524,"Parking lot impact, third party accepted liability. Repair completed at network shop."
CLM50525,"Parking lot impact, third party accepted liability. Repair completed at network shop."
CLM50526,"Rear-end collision at signal, police report on file, photos consistent with damage. Standard repair authorized."
CLM50527,"Rear-end collision at signal, police report on file, photos consistent with damage. Standard repair authorized."
CLM50528,"Rear-end collision at signal, police report on file, photos consistent with damage. Standard repair authorized."
CLM50529,Weather-related single vehicle loss. Adjuster inspection matches estimate. No injuries reported.
CLM50530,Weather-related single vehicle loss. Adjuster inspection matches estimate. No injuries reported.
CLM50531,"Parking lot impact, third party accepted liability. Repair completed at network shop."
CLM50532,"Parking lot impact, third party accepted liability. Repair completed at network shop."
CLM50533,Weather-related single vehicle loss. Adjuster inspection matches estimate. No injuries reported.
CLM50534,"Parking lot impact, third party accepted liability. Repair completed at network shop."
CLM50535,"Rear-end collision at signal, police report on file, photos consistent with damage. Standard repair authorized."
CLM50536,"Parking lot impact, third party accepted liability. Repair completed at network shop."
CLM50537,Weather-related single vehicle loss. Adjuster inspection matches estimate. No injuries reported.
CLM50538,Weather-related single vehicle loss. Adjuster inspection matches estimate. No injuries reported.
CLM50539,"Parking lot impact, third party accepted liability. Repair completed at network shop."
CLM50540,"Parking lot impact, third party accepted liability. Repair completed at network shop."
CLM50541,"Rear-end collision at signal, police report on file, photos consistent with damage. Standard repair authorized."
CLM50542,"Rear-end collision at signal, police report on file, photos consistent with damage. Standard repair authorized."
CLM50543,"Parking lot impact, third party accepted liability. Repair completed at network shop."
CLM50544,"Rear-end collision at signal, police report on file, photos consistent with damage. Standard repair authorized."
CLM50545,"Parking lot impact, third party accepted liability. Repair completed at network shop."
CLM50546,"Rear-end collision at signal, police report on file, photos consistent with damage. Standard repair authorized."
CLM50547,"Rear-end collision at signal, police report on file, photos consistent with damage. Standard repair authorized."
CLM50548,Weather-related single vehicle loss. Adjuster inspection matches estimate. No injuries reported.
CLM50549,Weather-related single vehicle loss. Adjuster inspection matches estimate. No injuries reported.
CLM50550,Weather-related single vehicle loss. Adjuster inspection matches estimate. No injuries reported.
CLM50551,Weather-related single vehicle loss. Adjuster inspection matches estimate. No injuries reported.
CLM50552,Weather-related single vehicle loss. Adjuster inspection matches estimate. No injuries reported.
CLM50553,Claimant statement matches passenger statement word for word. No police report at scene. Repair estimate from shop received before inspection.
CLM50554,"Parking lot impact, third party accepted liability. Repair completed at network shop."
CLM50555,Weather-related single vehicle loss. Adjuster inspection matches estimate. No injuries reported.
CLM50556,Weather-related single vehicle loss. Adjuster inspection matches estimate. No injuries reported.
CLM50557,Weather-related single vehicle loss. Adjuster inspection matches estimate. No injuries reported.
CLM50558,Weather-related single vehicle loss. Adjuster inspection matches estimate. No injuries reported.
CLM50559,"Rear-end collision at signal, police report on file, photos consistent with damage. Standard repair authorized."
CLM50560,Second claim this quarter involving this repair facility. Photos show pre-existing rust at impact point. Tow initiated before FNOL call.
CLM50561,Weather-related single vehicle loss. Adjuster inspection matches estimate. No injuries reported.
CLM50562,"Rear-end collision at signal, police report on file, photos consistent with damage. Standard repair authorized."
CLM50563,Estimate revised upward twice after initial appraisal. Additional parts claimed not consistent with photos. Claimant requested specific appraiser.
CLM50564,"Parking lot impact, third party accepted liability. Repair completed at network shop."
CLM50565,"Parking lot impact, third party accepted liability. Repair completed at network shop."
CLM50566,Weather-related single vehicle loss. Adjuster inspection matches estimate. No injuries reported.
CLM50567,"Rear-end collision at signal, police report on file, photos consistent with damage. Standard repair authorized."
CLM50568,Weather-related single vehicle loss. Adjuster inspection matches estimate. No injuries reported.
CLM50569,Weather-related single vehicle loss. Adjuster inspection matches estimate. No injuries reported.
CLM50570,"Rear-end collision at signal, police report on file, photos consistent with damage. Standard repair authorized."
CLM50571,"Rear-end collision at signal, police report on file, photos consistent with damage. Standard repair authorized."
CLM50572,Estimate revised upward twice after initial appraisal. Additional parts claimed not consistent with photos. Claimant requested specific appraiser.
CLM50573,"Parking lot impact, third party accepted liability. Repair completed at network shop."
CLM50574,"Parking lot impact, third party accepted liability. Repair completed at network shop."
CLM50575,Weather-related single vehicle loss. Adjuster inspection matches estimate. No injuries reported.
CLM50576,Second claim this quarter involving this repair facility. Photos show pre-existing rust at impact point. Tow initiated before FNOL call.
CLM50577,"Rear-end collision at signal, police report on file, photos consistent with damage. Standard repair authorized."
CLM50578,Weather-related single vehicle loss. Adjuster inspection matches estimate. No injuries reported.
CLM50579,"Rear-end collision at signal, police report on file, photos consistent with damage. Standard repair authorized."
CLM50580,Weather-related single vehicle loss. Adjuster inspection matches estimate. No injuries reported.
CLM50581,"Rear-end collision at signal, police report on file, photos consistent with damage. Standard repair authorized."
CLM50582,"Rear-end collision at signal, police report on file, photos consistent with damage. Standard repair authorized."
CLM50583,"Parking lot impact, third party accepted liability. Repair completed at network shop."
CLM50584,"Parking lot impact, third party accepted liability. Repair completed at network shop."
CLM50585,Injuries reported by all occupants despite minor bumper damage. Same clinic for all treatments. Claimant unreachable at listed address.
CLM50586,"Parking lot impact, third party accepted liability. Repair completed at network shop."
CLM50587,"Rear-end collision at signal, police report on file, photos consistent with damage. Standard repair authorized."
CLM50588,Estimate revised upward twice after initial appraisal. Additional parts claimed not consistent with photos. Claimant requested specific appraiser.
CLM50589,"Rear-end collision at signal, police report on file, photos consistent with damage. Standard repair authorized."
CLM50590,"Parking lot impact, third party accepted liability. Repair completed at network shop."
CLM50591,"Rear-end collision at signal, police report on file, photos consistent with damage. Standard repair authorized."
CLM50592,Weather-related single vehicle loss. Adjuster inspection matches estimate. No injuries reported.
CLM50593,Weather-related single vehicle loss. Adjuster inspection matches estimate. No injuries reported.
CLM50594,"Rear-end collision at signal, police report on file, photos consistent with damage. Standard repair authorized."
CLM50595,Weather-related single vehicle loss. Adjuster inspection matches estimate. No injuries reported.
CLM50596,"Parking lot impact, third party accepted liability. Repair completed at network shop."
CLM50597,"Rear-end collision at signal, police report on file, photos consistent with damage. Standard repair authorized."
CLM50598,Weather-related single vehicle loss. Adjuster inspection matches estimate. No injuries reported.
CLM50599,"Parking lot impact, third party accepted liability. Repair completed at network shop."
CLM50600,Estimate revised upward twice after initial appraisal. Additional parts claimed not consistent with photos. Claimant requested specific appraiser.
CLM50601,"Parking lot impact, third party accepted liability. Repair completed at network shop."
CLM50602,"Parking lot impact, third party accepted liability. Repair completed at network shop."
CLM50603,Estimate revised upward twice after initial appraisal. Additional parts claimed not consistent with photos. Claimant requested specific appraiser.
CLM50604,Weather-related single vehicle loss. Adjuster inspection matches estimate. No injuries reported.
CLM50605,"Rear-end collision at signal, police report on file, photos consistent with damage. Standard repair authorized."
CLM50606,"Parking lot impact, third party accepted liability. Repair completed at network shop."
CLM50607,Weather-related single vehicle loss. Adjuster inspection matches estimate. No injuries reported.
CLM50608,Weather-related single vehicle loss. Adjuster inspection matches estimate. No injuries reported.
CLM50609,Second claim this quarter involving this repair facility. Photos show pre-existing rust at impact point. Tow initiated before FNOL call.
CLM50610,Weather-related single vehicle loss. Adjuster inspection matches estimate. No injuries reported.
CLM50611,Weather-related single vehicle loss. Adjuster inspection matches estimate. No injuries reported.
CLM50612,Weather-related single vehicle loss. Adjuster inspection matches estimate. No injuries reported.
CLM50613,"Parking lot impact, third party accepted liability. Repair completed at network shop."
CLM50614,"Rear-end collision at signal, police report on file, photos consistent with damage. Standard repair authorized."
CLM50615,"Parking lot impact, third party accepted liability. Repair completed at network shop."
CLM50616,"Rear-end collision at signal, police report on file, photos consistent with damage. Standard repair authorized."
CLM50617,Weather-related single vehicle loss. Adjuster inspection matches estimate. No injuries reported.
CLM50618,"Parking lot impact, third party accepted liability. Repair completed at network shop."
CLM50619,Weather-related single vehicle loss. Adjuster inspection matches estimate. No injuries reported.
CLM50620,Weather-related single vehicle loss. Adjuster inspection matches estimate. No injuries reported.
CLM50621,Weather-related single vehicle loss. Adjuster inspection matches estimate. No injuries reported.
CLM50622,"Parking lot impact, third party accepted liability. Repair completed at network shop."
CLM50623,Estimate revised upward twice after initial appraisal. Additional parts claimed not consistent with photos. Claimant requested specific appraiser.
CLM50624,"Parking lot impact, third party accepted liability. Repair completed at network shop."
CLM50625,"Parking lot impact, third party accepted liability. Repair completed at network shop."
CLM50626,Weather-related single vehicle loss. Adjuster inspection matches estimate. No injuries reported.
CLM50627,Weather-related single vehicle loss. Adjuster inspection matches estimate. No injuries reported.
CLM50628,"Rear-end collision at signal, police report on file, photos consistent with damage. Standard repair authorized."
CLM50629,"Rear-end collision at signal, police report on file, photos consistent with damage. Standard repair authorized."
CLM50630,"Parking lot impact, third party accepted liability. Repair completed at network shop."
CLM50631,Estimate revised upward twice after initial appraisal. Additional parts claimed not consistent with photos. Claimant requested specific appraiser.
CLM50632,"Rear-end collision at signal, police report on file, photos consistent with damage. Standard repair authorized."
CLM50633,"Rear-end collision at signal, police report on file, photos consistent with damage. Standard repair authorized."
CLM50634,Estimate revised upward twice after initial appraisal. Additional parts claimed not consistent with photos. Claimant requested specific appraiser.
CLM50635,"Rear-end collision at signal, police report on file, photos consistent with damage. Standard repair authorized."
CLM50636,Weather-related single vehicle loss. Adjuster inspection matches estimate. No injuries reported.
CLM50637,"Parking lot impact, third party accepted liability. Repair completed at network shop."
CLM50638,Weather-related single vehicle loss. Adjuster inspection matches estimate. No injuries reported.
CLM50639,Estimate revised upward twice after initial appraisal. Additional parts claimed not consistent with photos. Claimant requested specific appraiser.
CLM50640,"Rear-end collision at signal, police report on file, photos consistent with damage. Standard repair authorized."
CLM50641,Weather-related single vehicle loss. Adjuster inspection matches estimate. No injuries reported.
CLM50642,"Parking lot impact, third party accepted liability. Repair completed at network shop."
CLM50643,"Parking lot impact, third party accepted liability. Repair completed at network shop."
CLM50644,Weather-related single vehicle loss. Adjuster inspection matches estimate. No injuries reported.
CLM50645,"Rear-end collision at signal, police report on file, photos consistent with damage. Standard repair authorized."
CLM50646,"Parking lot impact, third party accepted liability. Repair completed at network shop."
CLM50647,Injuries reported by all occupants despite minor bumper damage. Same clinic for all treatments. Claimant unreachable at listed address.
CLM50648,"Parking lot impact, third party accepted liability. Repair completed at network shop."
CLM50649,Claimant statement matches passenger statement word for word. No police report at scene. Repair estimate from shop received before inspection.
CLM50650,"Rear-end collision at signal, police report on file, photos consistent with damage. Standard repair authorized."
CLM50651,"Parking lot impact, third party accepted liability. Repair completed at network shop."
CLM50652,Weather-related single vehicle loss. Adjuster inspection matches estimate. No injuries reported.
CLM50653,"Rear-end collision at signal, police report on file, photos consistent with damage. Standard repair authorized."
CLM50654,Estimate revised upward twice after initial appraisal. Additional parts claimed not consistent with photos. Claimant requested specific appraiser.
CLM50655,Weather-related single vehicle loss. Adjuster inspection matches estimate. No injuries reported.
CLM50656,"Rear-end collision at signal, police report on file, photos consistent with damage. Standard repair authorized."
CLM50657,"Rear-end collision at signal, police report on file, photos consistent with damage. Standard repair authorized."
CLM50658,"Rear-end collision at signal, police report on file, photos consistent with damage. Standard repair authorized."
CLM50659,Weather-related single vehicle loss. Adjuster inspection matches estimate. No injuries reported.
CLM50660,"Rear-end collision at signal, police report on file, photos consistent with damage. Standard repair authorized."
CLM50661,Claimant statement matches passenger statement word for word. No police report at scene. Repair estimate from shop received before inspection.
CLM50662,"Rear-end collision at signal, police report on file, photos consistent with damage. Standard repair authorized."
CLM50663,"Parking lot impact, third party accepted liability. Repair completed at network shop."
CLM50664,Weather-related single vehicle loss. Adjuster inspection matches estimate. No injuries reported.
CLM50665,"Parking lot impact, third party accepted liability. Repair completed at network shop."
CLM50666,"Parking lot impact, third party accepted liability. Repair completed at network shop."
CLM50667,"Parking lot impact, third party accepted liability. Repair completed at network shop."
CLM50668,Weather-related single vehicle loss. Adjuster inspection matches estimate. No injuries reported.
CLM50669,"Rear-end collision at signal, police report on file, photos consistent with damage. Standard repair authorized."
CLM50670,Weather-related single vehicle loss. Adjuster inspection matches estimate. No injuries reported.
CLM50671,"Parking lot impact, third party accepted liability. Repair completed at network shop."
CLM50672,Weather-related single vehicle loss. Adjuster inspection matches estimate. No injuries reported.
CLM50673,"Parking lot impact, third party accepted liability. Repair completed at network shop."
CLM50674,"Parking lot impact, third party accepted liability. Repair completed at network shop."
CLM50675,Weather-related single vehicle loss. Adjuster inspection matches estimate. No injuries reported.
CLM50676,"Parking lot impact, third party accepted liability. Repair completed at network shop."
CLM50677,"Parking lot impact, third party accepted liability. Repair completed at network shop."
CLM50678,"Parking lot impact, third party accepted liability. Repair completed at network shop."
CLM50679,"Parking lot impact, third party accepted liability. Repair completed at network shop."
CLM50680,"Rear-end collision at signal, police report on file, photos consistent with damage. Standard repair authorized."
CLM50681,"Parking lot impact, third party accepted liability. Repair completed at network shop."
CLM50682,"Rear-end collision at signal, police report on file, photos consistent with damage. Standard repair authorized."
CLM50683,"Parking lot impact, third party accepted liability. Repair completed at network shop."
CLM50684,"Parking lot impact, third party accepted liability. Repair completed at network shop."
CLM50685,Weather-related single vehicle loss. Adjuster inspection matches estimate. No injuries reported.
CLM50686,Weather-related single vehicle loss. Adjuster inspection matches estimate. No injuries reported.
CLM50687,Weather-related single vehicle loss. Adjuster inspection matches estimate. No injuries reported.
CLM50688,Weather-related single vehicle loss. Adjuster inspection matches estimate. No injuries reported.
CLM50689,"Parking lot impact, third party accepted liability. Repair completed at network shop."
CLM50690,"Parking lot impact, third party accepted liability. Repair completed at network shop."
CLM50691,"Rear-end collision at signal, police report on file, photos consistent with damage. Standard repair authorized."
CLM50692,Estimate revised upward twice after initial appraisal. Additional parts claimed not consistent with photos. Claimant requested specific appraiser.
CLM50693,Weather-related single vehicle loss. Adjuster inspection matches estimate. No injuries reported.
CLM50694,"Parking lot impact, third party accepted liability. Repair completed at network shop."
CLM50695,"Parking lot impact, third party accepted liability. Repair completed at network shop."
CLM50696,Weather-related single vehicle loss. Adjuster inspection matches estimate. No injuries reported.
CLM50697,"Rear-end collision at signal, police report on file, photos consistent with damage. Standard repair authorized."
CLM50698,"Parking lot impact, third party accepted liability. Repair completed at network shop."
CLM50699,Weather-related single vehicle loss. Adjuster inspection matches estimate. No injuries reported.
CLM50700,Estimate revised upward twice after initial appraisal. Additional parts claimed not consistent with photos. Claimant requested specific appraiser.
CLM50701,Weather-related single vehicle loss. Adjuster inspection matches estimate. No injuries reported.
CLM50702,"Rear-end collision at signal, police report on file, photos consistent with damage. Standard repair authorized."
CLM50703,"Parking lot impact, third party accepted liability. Repair completed at network shop."
CLM50704,Weather-related single vehicle loss. Adjuster inspection matches estimate. No injuries reported.
CLM50705,"Parking lot impact, third party accepted liability. Repair completed at network shop."
CLM50706,"Rear-end collision at signal, police report on file, photos consistent with damage. Standard repair authorized."
CLM50707,Weather-related single vehicle loss. Adjuster inspection matches estimate. No injuries reported.
CLM50708,Weather-related single vehicle loss. Adjuster inspection matches estimate. No injuries reported.
CLM50709,"Rear-end collision at signal, police report on file, photos consistent with damage. Standard repair authorized."
CLM50710,"Rear-end collision at signal, police report on file, photos consistent with damage. Standard repair authorized."
CLM50711,"Parking lot impact, third party accepted liability. Repair completed at network shop."
CLM50712,Weather-related single vehicle loss. Adjuster inspection matches estimate. No injuries reported.
CLM50713,"Parking lot impact, third party accepted liability. Repair completed at network shop."
CLM50714,"Rear-end collision at signal, police report on file, photos consistent with damage. Standard repair authorized."
CLM50715,"Parking lot impact, third party accepted liability. Repair completed at network shop."
CLM50716,"Parking lot impact, third party accepted liability. Repair completed at network shop."
CLM50717,"Rear-end collision at signal, police report on file, photos consistent with damage. Standard repair authorized."
CLM50718,"Parking lot impact, third party accepted liability. Repair completed at network shop."
CLM50719,"Parking lot impact, third party accepted liability. Repair completed at network shop."
CLM50720,"Rear-end collision at signal, police report on file, photos consistent with damage. Standard repair authorized."
CLM50721,"Parking lot impact, third party accepted liability. Repair completed at network shop."
CLM50722,"Rear-end collision at signal, police report on file, photos consistent with damage. Standard repair authorized."
CLM50723,"Rear-end collision at signal, police report on file, photos consistent with damage. Standard repair authorized."
CLM50724,"Rear-end collision at signal, police report on file, photos consistent with damage. Standard repair authorized."
CLM50725,"Parking lot impact, third party accepted liability. Repair completed at network shop."
CLM50726,Weather-related single vehicle loss. Adjuster inspection matches estimate. No injuries reported.
CLM50727,Weather-related single vehicle loss. Adjuster inspection matches estimate. No injuries reported.
CLM50728,"Parking lot impact, third party accepted liability. Repair completed at network shop."
CLM50729,Estimate revised upward twice after initial appraisal. Additional parts claimed not consistent with photos. Claimant requested specific appraiser.
CLM50730,Weather-related single vehicle loss. Adjuster inspection matches estimate. No injuries reported.
CLM50731,"Parking lot impact, third party accepted liability. Repair completed at network shop."
CLM50732,Estimate revised upward twice after initial appraisal. Additional parts claimed not consistent with photos. Claimant requested specific appraiser.
CLM50733,"Rear-end collision at signal, police report on file, photos consistent with damage. Standard repair authorized."
CLM50734,"Parking lot impact, third party accepted liability. Repair completed at network shop."
CLM50735,"Parking lot impact, third party accepted liability. Repair completed at network shop."
CLM50736,"Rear-end collision at signal, police report on file, photos consistent with damage. Standard repair authorized."
CLM50737,"Parking lot impact, third party accepted liability. Repair completed at network shop."
CLM50738,Weather-related single vehicle loss. Adjuster inspection matches estimate. No injuries reported.
CLM50739,"Rear-end collision at signal, police report on file, photos consistent with damage. Standard repair authorized."
CLM50740,"Parking lot impact, third party accepted liability. Repair completed at network shop."
CLM50741,Weather-related single vehicle loss. Adjuster inspection matches estimate. No injuries reported.
CLM50742,Weather-related single vehicle loss. Adjuster inspection matches estimate. No injuries reported.
CLM50743,Weather-related single vehicle loss. Adjuster inspection matches estimate. No injuries reported.
CLM50744,"Parking lot impact, third party accepted liability. Repair completed at network shop."
CLM50745,"Parking lot impact, third party accepted liability. Repair completed at network shop."
CLM50746,Weather-related single vehicle loss. Adjuster inspection matches estimate. No injuries reported.
CLM50747,"Parking lot impact, third party accepted liability. Repair completed at network shop."
CLM50748,"Rear-end collision at signal, police report on file, photos consistent with damage. Standard repair authorized."
CLM50749,"Rear-end collision at signal, police report on file, photos consistent with damage. Standard repair authorized."
CLM50750,"Rear-end collision at signal, police report on file, photos consistent with damage. Standard repair authorized."
CLM50751,Estimate revised upward twice after initial appraisal. Additional parts claimed not consistent with photos. Claimant requested specific appraiser.
CLM50752,Weather-related single vehicle loss. Adjuster inspection matches estimate. No injuries reported.
CLM50753,"Parking lot impact, third party accepted liability. Repair completed at network shop."
CLM50754,Weather-related single vehicle loss. Adjuster inspection matches estimate. No injuries reported.
CLM50755,"Rear-end collision at signal, police report on file, photos consistent with damage. Standard repair authorized."
CLM50756,"Parking lot impact, third party accepted liability. Repair completed at network shop."
CLM50757,"Rear-end collision at signal, police report on file, photos consistent with damage. Standard repair authorized."
CLM50758,"Rear-end collision at signal, police report on file, photos consistent with damage. Standard repair authorized."
CLM50759,Injuries reported by all occupants despite minor bumper damage. Same clinic for all treatments. Claimant unreachable at listed address.
CLM50760,"Rear-end collision at signal, police report on file, photos consistent with damage. Standard repair authorized."
CLM50761,Second claim this quarter involving this repair facility. Photos show pre-existing rust at impact point. Tow initiated before FNOL call.
CLM50762,"Rear-end collision at signal, police report on file, photos consistent with damage. Standard repair authorized."
CLM50763,"Rear-end collision at signal, police report on file, photos consistent with damage. Standard repair authorized."
CLM50764,"Rear-end collision at signal, police report on file, photos consistent with damage. Standard repair authorized."
CLM50765,"Rear-end collision at signal, police report on file, photos consistent with damage. Standard repair authorized."
CLM50766,"Parking lot impact, third party accepted liability. Repair completed at network shop."
CLM50767,"Rear-end collision at signal, police report on file, photos consistent with damage. Standard repair authorized."
CLM50768,Estimate revised upward twice after initial appraisal. Additional parts claimed not consistent with photos. Claimant requested specific appraiser.
CLM50769,"Parking lot impact, third party accepted liability. Repair completed at network shop."
CLM50770,"Rear-end collision at signal, police report on file, photos consistent with damage. Standard repair authorized."
CLM50771,"Parking lot impact, third party accepted liability. Repair completed at network shop."
CLM50772,"Rear-end collision at signal, police report on file, photos consistent with damage. Standard repair authorized."
CLM50773,"Parking lot impact, third party accepted liability. Repair completed at network shop."
CLM50774,"Parking lot impact, third party accepted liability. Repair completed at network shop."
CLM50775,"Parking lot impact, third party accepted liability. Repair completed at network shop."
CLM50776,"Parking lot impact, third party accepted liability. Repair completed at network shop."
CLM50777,Weather-related single vehicle loss. Adjuster inspection matches estimate. No injuries reported.
CLM50778,Weather-related single vehicle loss. Adjuster inspection matches estimate. No injuries reported.
CLM50779,"Rear-end collision at signal, police report on file, photos consistent with damage. Standard repair authorized."
CLM50780,Weather-related single vehicle loss. Adjuster inspection matches estimate. No injuries reported.
CLM50781,"Parking lot impact, third party accepted liability. Repair completed at network shop."
CLM50782,Weather-related single vehicle loss. Adjuster inspection matches estimate. No injuries reported.
CLM50783,"Rear-end collision at signal, police report on file, photos consistent with damage. Standard repair authorized."
CLM50784,"Parking lot impact, third party accepted liability. Repair completed at network shop."
CLM50785,"Rear-end collision at signal, police report on file, photos consistent with damage. Standard repair authorized."
CLM50786,Weather-related single vehicle loss. Adjuster inspection matches estimate. No injuries reported.
CLM50787,Weather-related single vehicle loss. Adjuster inspection matches estimate. No injuries reported.
CLM50788,Weather-related single vehicle loss. Adjuster inspection matches estimate. No injuries reported.
CLM50789,"Rear-end collision at signal, police report on file, photos consistent with damage. Standard repair authorized."
CLM50790,"Parking lot impact, third party accepted liability. Repair completed at network shop."
CLM50791,Claimant statement matches passenger statement word for word. No police report at scene. Repair estimate from shop received before inspection.
CLM50792,Weather-related single vehicle loss. Adjuster inspection matches estimate. No injuries reported.
CLM50793,Weather-related single vehicle loss. Adjuster inspection matches estimate. No injuries reported.
CLM50794,"Rear-end collision at signal, police report on file, photos consistent with damage. Standard repair authorized."
CLM50795,"Rear-end collision at signal, police report on file, photos consistent with damage. Standard repair authorized."
CLM50796,"Rear-end collision at signal, police report on file, photos consistent with damage. Standard repair authorized."
CLM50797,"Parking lot impact, third party accepted liability. Repair completed at network shop."
CLM50798,Weather-related single vehicle loss. Adjuster inspection matches estimate. No injuries reported.
CLM50799,Estimate revised upward twice after initial appraisal. Additional parts claimed not consistent with photos. Claimant requested specific appraiser.
CLM50800,"Rear-end collision at signal, police report on file, photos consistent with damage. Standard repair authorized."
CLM50801,"Parking lot impact, third party accepted liability. Repair completed at network shop."
CLM50802,"Parking lot impact, third party accepted liability. Repair completed at network shop."
CLM50803,"Rear-end collision at signal, police report on file, photos consistent with damage. Standard repair authorized."
CLM50804,"Parking lot impact, third party accepted liability. Repair completed at network shop."
CLM50805,"Parking lot impact, third party accepted liability. Repair completed at network shop."
CLM50806,"Parking lot impact, third party accepted liability. Repair completed at network shop."
CLM50807,"Parking lot impact, third party accepted liability. Repair completed at network shop."
CLM50808,"Rear-end collision at signal, police report on file, photos consistent with damage. Standard repair authorized."
CLM50809,"Rear-end collision at signal, police report on file, photos consistent with damage. Standard repair authorized."
CLM50810,"Parking lot impact, third party accepted liability. Repair completed at network shop."
CLM50811,"Rear-end collision at signal, police report on file, photos consistent with damage. Standard repair authorized."
CLM50812,Estimate revised upward twice after initial appraisal. Additional parts claimed not consistent with photos. Claimant requested specific appraiser.
CLM50813,Weather-related single vehicle loss. Adjuster inspection matches estimate. No injuries reported.
CLM50814,"Parking lot impact, third party accepted liability. Repair completed at network shop."
CLM50815,"Rear-end collision at signal, police report on file, photos consistent with damage. Standard repair authorized."
CLM50816,"Rear-end collision at signal, police report on file, photos consistent with damage. Standard repair authorized."
CLM50817,Estimate revised upward twice after initial appraisal. Additional parts claimed not consistent with photos. Claimant requested specific appraiser.
CLM50818,"Parking lot impact, third party accepted liability. Repair completed at network shop."
CLM50819,"Rear-end collision at signal, police report on file, photos consistent with damage. Standard repair authorized."
CLM50820,"Rear-end collision at signal, police report on file, photos consistent with damage. Standard repair authorized."
CLM50821,"Parking lot impact, third party accepted liability. Repair completed at network shop."
CLM50822,Weather-related single vehicle loss. Adjuster inspection matches estimate. No injuries reported.
CLM50823,Estimate revised upward twice after initial appraisal. Additional parts claimed not consistent with photos. Claimant requested specific appraiser.
CLM50824,Weather-related single vehicle loss. Adjuster inspection matches estimate. No injuries reported.
CLM50825,"Rear-end collision at signal, police report on file, photos consistent with damage. Standard repair authorized."
CLM50826,"Rear-end collision at signal, police report on file, photos consistent with damage. Standard repair authorized."
CLM50827,Weather-related single vehicle loss. Adjuster inspection matches estimate. No injuries reported.
CLM50828,"Parking lot impact, third party accepted liability. Repair completed at network shop."
CLM50829,"Parking lot impact, third party accepted liability. Repair completed at network shop."
CLM50830,"Rear-end collision at signal, police report on file, photos consistent with damage. Standard repair authorized."
CLM50831,Weather-related single vehicle loss. Adjuster inspection matches estimate. No injuries reported.
CLM50832,"Rear-end collision at signal, police report on file, photos consistent with damage. Standard repair authorized."
CLM50833,"Rear-end collision at signal, police report on file, photos consistent with damage. Standard repair authorized."
CLM50834,"Rear-end collision at signal, police report on file, photos consistent with damage. Standard repair authorized."
CLM50835,Weather-related single vehicle loss. Adjuster inspection matches estimate. No injuries reported.
CLM50836,"Parking lot impact, third party accepted liability. Repair completed at network shop."
CLM50837,Weather-related single vehicle loss. Adjuster inspection matches estimate. No injuries reported.
CLM50838,"Rear-end collision at signal, police report on file, photos consistent with damage. Standard repair authorized."
CLM50839,"Rear-end collision at signal, police report on file, photos consistent with damage. Standard repair authorized."
CLM50840,"Parking lot impact, third party accepted liability. Repair completed at network shop."
CLM50841,Weather-related single vehicle loss. Adjuster inspection matches estimate. No injuries reported.
CLM50842,Weather-related single vehicle loss. Adjuster inspection matches estimate. No injuries reported.
CLM50843,Weather-related single vehicle loss. Adjuster inspection matches estimate. No injuries reported.
CLM50844,Weather-related single vehicle loss. Adjuster inspection matches estimate. No injuries reported.
CLM50845,"Rear-end collision at signal, police report on file, photos consistent with damage. Standard repair authorized."
CLM50846,Weather-related single vehicle loss. Adjuster inspection matches estimate. No injuries reported.
CLM50847,Weather-related single vehicle loss. Adjuster inspection matches estimate. No injuries reported.
CLM50848,"Rear-end collision at signal, police report on file, photos consistent with damage. Standard repair authorized."
CLM50849,"Parking lot impact, third party accepted liability. Repair completed at network shop."
CLM50850,Weather-related single vehicle loss. Adjuster inspection matches estimate. No injuries reported.
CLM50851,"Parking lot impact, third party accepted liability. Repair completed at network shop."
CLM50852,"Parking lot impact, third party accepted liability. Repair completed at network shop."
CLM50853,"Rear-end collision at signal, police report on file, photos consistent with damage. Standard repair authorized."
CLM50854,Weather-related single vehicle loss. Adjuster inspection matches estimate. No injuries reported.
CLM50855,Weather-related single vehicle loss. Adjuster inspection matches estimate. No injuries reported.
CLM50856,Weather-related single vehicle loss. Adjuster inspection matches estimate. No injuries reported.
CLM50857,"Parking lot impact, third party accepted liability. Repair completed at network shop."
CLM50858,Estimate revised upward twice after initial appraisal. Additional parts claimed not consistent with photos. Claimant requested specific appraiser.
CLM50859,"Rear-end collision at signal, police report on file, photos consistent with damage. Standard repair authorized."
CLM50860,"Rear-end collision at signal, police report on file, photos consistent with damage. Standard repair authorized."
CLM50861,"Rear-end collision at signal, police report on file, photos consistent with damage. Standard repair authorized."
CLM50862,"Parking lot impact, third party accepted liability. Repair completed at network shop."
CLM50863,"Parking lot impact, third party accepted liability. Repair completed at network shop."
CLM50864,"Parking lot impact, third party accepted liability. Repair completed at network shop."
CLM50865,Weather-related single vehicle loss. Adjuster inspection matches estimate. No injuries reported.
CLM50866,"Parking lot impact, third party accepted liability. Repair completed at network shop."
CLM50867,Weather-related single vehicle loss. Adjuster inspection matches estimate. No injuries reported.
CLM50868,"Parking lot impact, third party accepted liability. Repair completed at network shop."
CLM50869,"Rear-end collision at signal, police report on file, photos consistent with damage. Standard repair authorized."
CLM50870,"Parking lot impact, third party accepted liability. Repair completed at network shop."
CLM50871,"Rear-end collision at signal, police report on file, photos consistent with damage. Standard repair authorized."
CLM50872,Estimate revised upward twice after initial appraisal. Additional parts claimed not consistent with photos. Claimant requested specific appraiser.
CLM50873,"Rear-end collision at signal, police report on file, photos consistent with damage. Standard repair authorized."
CLM50874,Weather-related single vehicle loss. Adjuster inspection matches estimate. No injuries reported.
CLM50875,Estimate revised upward twice after initial appraisal. Additional parts claimed not consistent with photos. Claimant requested specific appraiser.
CLM50876,"Rear-end collision at signal, police report on file, photos consistent with damage. Standard repair authorized."
CLM50877,"Rear-end collision at signal, police report on file, photos consistent with damage. Standard repair authorized."
CLM50878,"Parking lot impact, third party accepted liability. Repair completed at network shop."
CLM50879,Weather-related single vehicle loss. Adjuster inspection matches estimate. No injuries reported.
CLM50880,"Parking lot impact, third party accepted liability. Repair completed at network shop."
CLM50881,"Parking lot impact, third party accepted liability. Repair completed at network shop."
CLM50882,"Parking lot impact, third party accepted liability. Repair completed at network shop."
CLM50883,"Parking lot impact, third party accepted liability. Repair completed at network shop."
CLM50884,Weather-related single vehicle loss. Adjuster inspection matches estimate. No injuries reported.
CLM50885,"Rear-end collision at signal, police report on file, photos consistent with damage. Standard repair authorized."
CLM50886,"Parking lot impact, third party accepted liability. Repair completed at network shop."
CLM50887,"Rear-end collision at signal, police report on file, photos consistent with damage. Standard repair authorized."
CLM50888,Estimate revised upward twice after initial appraisal. Additional parts claimed not consistent with photos. Claimant requested specific appraiser.
CLM50889,"Rear-end collision at signal, police report on file, photos consistent with damage. Standard repair authorized."
CLM50890,"Rear-end collision at signal, police report on file, photos consistent with damage. Standard repair authorized."
CLM50891,Second claim this quarter involving this repair facility. Photos show pre-existing rust at impact point. Tow initiated before FNOL call.
CLM50892,Weather-related single vehicle loss. Adjuster inspection matches estimate. No injuries reported.
CLM50893,"Rear-end collision at signal, police report on file, photos consistent with damage. Standard repair authorized."
CLM50894,"Parking lot impact, third party accepted liability. Repair completed at network shop."
CLM50895,"Rear-end collision at signal, police report on file, photos consistent with damage. Standard repair authorized."
CLM50896,Weather-related single vehicle loss. Adjuster inspection matches estimate. No injuries reported.
CLM50897,"Parking lot impact, third party accepted liability. Repair completed at network shop."
