policy_id,state,effective_date,annual_premium,vehicle_age
POL100000,PA,2024-06-03,737.15,2
POL100001,NJ,2024-12-20,769.11,3
POL100002,NJ,2025-04-07,1124.38,11
POL100003,FL,2025-01-31,1078.57,2
POL100004,NY,2024-08-03,1908.49,9
POL100005,NY,2024-03-28,1545.07,0
POL100006,PA,2025-03-24,1438.97,14
POL100007,NY,2024-08-31,1575.45,10
POL100008,NY,2024-10-16,1347.35,5
POL100009,NY,2025-02-16,1026.14,4
POL100010,NJ,2025-06-10,833.21,9
POL100011,CT,2024-06-04,3103.01,6
POL100012,FL,2024-11-18,1324.81,6
POL100013,NJ,2024-11-08,982.78,10
POL100014,NJ,2025-01-12,613.87,7
POL100015,FL,2024-01-24,1297.96,13
POL100016,CT,2025-02-22,652.25,3
POL100017,CT,2025-06-08,995.5,13
POL100018,NJ,2024-02-28,818.51,14
POL100019,CT,2025-01-21,1259.56,7
POL100020,PA,2025-03-13,1058.73,12
POL100021,NY,2024-10-22,1044.09,13
POL100022,NY,2025-03-29,1410.87,13
POL100023,FL,2025-01-27,709.23,13
POL100024,NY,2025-03-23,1039.69,6
POL100025,FL,2024-05-02,1676.94,0
POL100026,NY,2024-02-18,768.04,2
POL100027,NY,2024-03-01,740.35,5
POL100028,NJ,2025-05-03,746.19,10
POL100029,NJ,2024-11-11,1043.35,13
POL100030,FL,2024-10-08,1070.89,1
POL100031,NJ,2024-02-10,909.96,0
POL100032,CT,2024-03-08,1374.01,3
POL100033,NY,2024-07-21,1788.82,9
POL100034,PA,2024-10-07,1298.61,2
POL100035,FL,2024-04-30,1688.28,5
POL100036,PA,2024-05-10,1789.25,13
POL100037,FL,2025-04-23,1473.41,12
POL100038,PA,2025-03-10,684.09,11
POL100039,NJ,2024-04-16,1752.86,7
POL100040,FL,2024-11-09,1502.54,8
POL100041,NJ,2024-08-22,1087.44,15
POL100042,NY,2025-05-17,767.39,1
POL100043,FL,2024-11-04,1126.84,15
POL100044,NY,2024-10-02,1064.18,5
POL100045,PA,2024-04-29,1111.98,15
POL100046,FL,2025-05-11,1687.21,1
POL100047,NJ,2024-01-03,1390.0,14
POL100048,PA,2025-02-17,1606.62,0
POL100049,NJ,2025-02-03,1362.04,1
POL100050,PA,2025-02-18,1185.33,4
POL100051,PA,2025-02-15,735.98,14
POL100052,FL,2024-02-17,740.82,6
POL100053,NY,2024-05-03,2266.5,15
POL100054,NY,2025-02-25,726.12,13
POL100055,NJ,2024-06-17,672.26,6
POL100056,NJ,2024-09-10,1139.22,6
POL100057,FL,2024-11-17,1440.45,1
POL100058,NJ,2024-04-08,1110.74,14
POL100059,NY,2024-07-27,981.76,11
POL100060,FL,2024-09-09,2022.73,9
POL100061,NJ,2024-02-25,1783.85,8
POL100062,NY,2024-09-19,1215.27,1
POL100063,NJ,2025-03-18,1193.23,14
POL100064,NJ,2024-12-16,993.12,0
POL100065,CT,2025-01-09,1302.8,2
POL100066,NJ,2024-04-14,1154.74,8
POL100067,NY,2024-02-18,942.98,14
POL100068,FL,2025-05-25,1290.33,1
POL100069,PA,2025-03-05,1170.13,1
POL100070,FL,2024-03-25,996.3,6
POL100071,NY,2024-11-02,1575.02,11
POL100072,NJ,2024-06-28,1211.07,14
POL100073,FL,2024-01-21,1083.32,12
POL100074,NJ,2024-10-11,1118.29,3
POL100075,NJ,2025-01-01,1064.71,5
POL100076,FL,2024-11-11,846.55,1
POL100077,NY,2024-04-02,1309.42,10
POL100078,CT,2024-07-10,724.61,0
POL100079,PA,2024-07-28,848.51,15
POL100080,NJ,2024-10-13,1410.57,5
POL100081,NJ,2024-01-11,690.28,4
POL100082,NJ,2025-06-25,898.37,3
POL100083,CT,2025-06-29,1658.57,4
POL100084,PA,2024-01-11,1250.41,1
POL100085,NJ,2025-02-03,893.58,8
POL100086,NY,2024-03-28,703.26,3
POL100087,PA,2024-03-15,703.08,11
POL100088,PA,2025-05-03,1205.23,8
POL100089,FL,2024-11-09,1012.09,3
POL100090,NJ,2025-02-21,3078.58,9
POL100091,NY,2024-02-06,961.82,14
POL100092,FL,2024-10-18,1111.62,3
POL100093,FL,2024-07-05,1080.84,15
POL100094,PA,2024-01-26,598.87,14
POL100095,NJ,2024-01-13,1143.93,12
POL100096,FL,2025-04-08,795.1,8
POL100097,FL,2024-06-01,698.32,0
POL100098,PA,2025-01-26,1073.99,15
POL100099,PA,2025-06-28,1199.44,15
POL100100,PA,2024-08-31,1461.91,15
POL100101,FL,2025-06-14,1192.12,13
POL100102,NY,2024-08-17,1295.39,15
POL100103,NJ,2024-11-22,972.92,5
POL100104,FL,2024-05-06,865.54,3
POL100105,NY,2024-12-28,894.67,0
POL100106,PA,2024-02-24,1525.54,11
POL100107,NJ,2024-01-17,1790.08,0
POL100108,NY,2024-04-30,1421.7,4
POL100109,PA,2024-02-27,1036.04,8
POL100110,NJ,2025-01-26,1437.53,5
POL100111,FL,2024-05-08,1618.24,10
POL100112,NY,2024-07-22,1288.94,9
POL100113,NY,2025-02-06,750.23,9
POL100114,PA,2024-05-25,1234.64,5
POL100115,NY,2024-08-29,2080.02,8
POL100116,CT,2024-11-14,1417.92,2
POL100117,PA,2024-10-02,1552.15,5
POL100118,PA,2025-04-24,1362.88,5
POL100119,NY,2024-05-14,1236.19,11
POL100120,NY,2024-10-24,787.63,7
POL100121,NY,2025-01-14,1270.22,0
POL100122,PA,2024-07-21,946.75,13
POL100123,PA,2024-08-16,998.14,13
POL100124,NY,2024-03-11,685.65,9
POL100125,FL,2024-10-27,1332.34,2
POL100126,NY,2025-02-22,832.22,15
POL100127,FL,2024-01-13,957.33,14
POL100128,PA,2024-11-23,928.5,8
POL100129,NY,2025-01-11,1828.13,10
POL100130,NY,2024-02-09,815.47,3
POL100131,FL,2024-11-13,1391.61,0
POL100132,FL,2025-02-07,781.13,0
POL100133,NY,2024-12-21,823.46,12
POL100134,PA,2024-06-07,893.84,3
POL100135,CT,2024-11-06,1185.39,11
POL100136,NJ,2024-05-21,1446.68,3
POL100137,CT,2024-04-15,946.45,4
POL100138,PA,2024-07-02,1512.86,7
POL100139,NJ,2024-10-24,1632.24,5
POL100140,CT,2025-02-12,1015.37,14
POL100141,PA,2025-02-20,608.96,9
POL100142,NJ,2024-03-17,966.7,8
POL100143,CT,2025-05-04,2161.51,15
POL100144,NY,2024-09-10,1270.76,15
POL100145,NY,2024-10-02,2285.1,4
POL100146,CT,2024-06-02,828.65,2
POL100147,CT,2024-02-21,1318.52,2
POL100148,FL,2024-11-11,530.71,4
POL100149,NJ,2024-03-21,1666.57,15
POL100150,PA,2025-01-22,862.62,12
POL100151,FL,2025-01-26,1951.9,6
POL100152,NY,2025-05-08,682.81,4
POL100153,NJ,2024-02-27,1734.18,8
POL100154,NJ,2025-06-29,1496.11,2
POL100155,FL,2024-08-28,954.3,5
POL100156,PA,2024-01-02,1466.51,12
POL100157,NJ,2024-03-30,1625.83,8
POL100158,NJ,2025-02-06,1498.72,13
POL100159,PA,2024-06-10,1139.05,4
POL100160,NY,2024-05-18,1062.79,7
POL100161,NY,2024-10-13,1121.71,11
POL100162,NY,2025-02-25,1301.98,13
POL100163,NJ,2024-03-21,785.99,15
POL100164,PA,2024-05-28,1684.2,11
POL100165,PA,2024-06-02,815.0,12
POL100166,PA,2024-12-10,918.3,6
POL100167,NY,2024-05-12,834.08,11
POL100168,CT,2025-06-27,1144.36,4
POL100169,NJ,2025-02-14,819.42,15
POL100170,PA,2024-10-10,728.5,9
POL100171,CT,2024-08-06,1295.49,3
POL100172,NY,2024-12-30,934.21,13
POL100173,PA,2024-12-12,1667.39,3
POL100174,PA,2024-02-07,519.5,2
POL100175,PA,2024-11-29,1451.35,3
POL100176,FL,2025-05-21,1670.08,7
POL100177,FL,2025-05-23,966.37,10
POL100178,FL,2024-01-23,905.09,8
POL100179,FL,2025-06-08,1175.66,11
POL100180,NY,2024-05-12,1400.89,1
POL100181,PA,2025-05-21,2018.41,9
POL100182,FL,2024-02-26,1061.89,7
POL100183,NY,2025-05-16,936.34,4
POL100184,NY,2024-04-13,1549.47,14
POL100185,PA,2024-04-23,1101.87,2
POL100186,FL,2025-03-16,442.43,2
POL100187,PA,2024-01-28,871.73,13
POL100188,FL,2024-01-18,1281.48,9
POL100189,NJ,2024-05-23,440.33,4
POL100190,FL,2024-06-03,752.94,9
POL100191,NJ,2025-02-11,1293.39,11
POL100192,FL,2025-06-13,1022.05,11
POL100193,NY,2024-09-27,1161.14,6
POL100194,FL,2024-10-22,819.93,15
POL100195,NY,2024-07-10,722.09,1
POL100196,NY,2024-06-03,1066.77,9
POL100197,PA,2024-04-18,948.68,6
POL100198,NJ,2024-01-01,880.69,2
POL100199,CT,2024-08-13,748.0,2
POL100200,NY,2024-09-14,887.28,2
POL100201,NJ,2024-12-26,1376.86,1
POL100202,FL,2024-06-10,2281.71,5
POL100203,NJ,2024-12-24,732.54,7
POL100204,NY,2024-12-16,858.05,7
POL100205,NY,2025-04-29,1587.76,4
POL100206,NJ,2024-05-18,1122.64,15
POL100207,CT,2024-12-11,1038.66,10
POL100208,FL,2024-03-07,1020.81,6
POL100209,NY,2025-05-09,475.39,14
POL100210,NJ,2025-04-22,1097.28,4
POL100211,NY,2024-03-14,802.79,5
POL100212,FL,2024-02-27,1454.54,6
POL100213,FL,2025-06-22,1241.37,1
POL100214,PA,2025-01-28,754.94,3
POL100215,NY,2024-04-02,998.14,1
POL100216,NJ,2025-03-28,1662.11,2
POL100217,NY,2024-03-22,626.38,14
POL100218,NJ,2024-08-13,702.38,4
POL100219,NY,2024-05-18,860.73,10
POL100220,PA,2025-01-18,435.09,10
POL100221,PA,2025-04-23,583.27,11
POL100222,NY,2025-02-01,1082.83,1
POL100223,PA,2024-04-24,784.59,2
POL100224,PA,2024-04-07,1434.78,1
POL100225,CT,2025-01-18,1049.89,8
POL100226,FL,2025-03-15,676.43,15
POL100227,PA,2024-03-13,1488.47,8
POL100228,PA,2025-05-01,1205.53,7
POL100229,PA,2024-03-08,1466.3,4
POL100230,NY,2025-03-08,970.39,6
POL100231,FL,2025-06-28,859.17,3
POL100232,PA,2025-04-04,1014.51,15
POL100233,NJ,2025-02-07,707.69,3
POL100234,NY,2024-02-13,1879.39,8
POL100235,NY,2025-02-18,1767.86,9
POL100236,NJ,2025-03-04,803.92,10
POL100237,NY,2025-06-29,1049.8,4
POL100238,NY,2024-12-30,728.6,5
POL100239,NY,2024-12-01,1078.23,1
POL100240,NY,2025-02-03,1226.5,12
POL100241,NY,2024-12-23,829.66,13
POL100242,NJ,2024-04-22,984.4,5
POL100243,FL,2025-05-14,983.27,9
POL100244,FL,2025-06-17,1483.36,6
POL100245,NJ,2025-05-05,1405.55,2
POL100246,FL,2024-09-03,3071.98,5
POL100247,NY,2025-05-19,1031.28,1
POL100248,NJ,2025-03-06,1077.15,5
POL100249,NJ,2024-09-03,1329.29,15
POL100250,CT,2025-05-12,924.38,2
POL100251,PA,2024-09-21,1427.82,7
POL100252,NY,2024-10-27,1118.33,6
POL100253,NY,2024-11-12,1290.07,3
POL100254,PA,2024-08-30,1210.27,12
POL100255,FL,2024-07-10,1123.18,11
POL100256,NJ,2025-05-07,541.47,12
POL100257,CT,2024-01-26,1865.97,10
POL100258,PA,2024-09-12,2397.89,11
POL100259,NY,2024-09-20,862.25,12
POL100260,FL,2024-09-24,1039.1,5
POL100261,FL,2025-02-10,1039.08,15
POL100262,FL,2024-07-18,1809.77,5
POL100263,NJ,2024-07-29,1287.22,4
POL100264,NY,2025-06-21,1652.22,15
POL100265,PA,2024-03-20,796.11,3
POL100266,FL,2025-04-05,1820.07,12
POL100267,NJ,2024-01-23,1062.88,7
POL100268,CT,2024-11-09,1170.52,3
POL100269,CT,2025-04-22,1535.93,11
POL100270,PA,2024-08-02,776.26,5
POL100271,NJ,2024-06-12,753.07,3
POL100272,PA,2025-03-16,1452.22,13
POL100273,NJ,2025-01-15,763.09,1
POL100274,NY,2024-04-04,962.06,12
POL100275,PA,2024-09-10,713.63,15
POL100276,NY,2024-11-25,1240.16,4
POL100277,PA,2025-04-05,971.85,11
POL100278,NY,2025-06-27,1037.84,2
POL100279,PA,2024-09-18,937.16,8
POL100280,PA,2025-04-08,1494.39,14
POL100281,NY,2024-11-10,735.6,5
POL100282,NY,2024-11-16,827.51,9
POL100283,FL,2024-08-07,1456.4,11
POL100284,NY,2025-01-13,809.88,9
POL100285,PA,2024-05-03,413.16,2
POL100286,NY,2024-11-03,1518.75,7
POL100287,NJ,2024-02-13,1063.7,2
POL100288,PA,2024-08-05,1573.04,13
POL100289,PA,2024-08-07,1019.78,1
POL100290,PA,2024-03-27,1616.26,6
POL100291,FL,2025-05-28,1733.1,14
POL100292,FL,2025-06-29,1108.11,2
POL100293,NY,2024-02-11,1193.71,12
POL100294,CT,2024-12-09,712.88,15
POL100295,NJ,2024-04-08,1156.72,15
POL100296,FL,2024-01-21,1296.96,5
POL100297,PA,2025-06-28,776.57,13
POL100298,FL,2024-01-08,1004.14,3
POL100299,NJ,2024-12-04,979.48,15
POL100300,FL,2024-02-20,874.99,5
POL100301,NJ,2024-06-04,1128.75,9
POL100302,PA,2025-02-18,1683.77,7
POL100303,PA,2024-07-20,1955.27,11
POL100304,NY,2024-02-18,1200.99,3
POL100305,PA,2024-09-29,699.32,14
POL100306,NY,2024-01-14,734.91,5
POL100307,NJ,2024-03-10,1443.22,8
POL100308,FL,2025-02-15,1175.8,7
POL100309,NY,2024-12-18,998.4,14
POL100310,NY,2024-08-28,601.98,13
POL100311,FL,2024-01-15,1046.5,4
POL100312,NJ,2024-12-18,878.07,8
POL100313,NJ,2024-01-25,1096.21,5
POL100314,PA,2024-07-01,675.52,8
POL100315,NJ,2024-08-13,775.46,6
POL100316,NY,2025-04-02,1537.7,8
POL100317,NJ,2025-04-05,830.95,8
POL100318,NY,2025-01-29,969.15,3
POL100319,PA,2025-04-18,1393.06,7
POL100320,FL,2024-05-21,921.8,11
POL100321,NY,2024-11-30,763.72,8
POL100322,NY,2024-01-25,1051.79,8
POL100323,PA,2024-03-21,1192.08,13
POL100324,NY,2024-01-20,1645.9,11
POL100325,NY,2024-02-20,1045.72,9
POL100326,FL,2024-11-28,1927.88,12
POL100327,NY,2024-02-25,896.27,13
POL100328,NJ,2025-02-21,1318.98,9
POL100329,NY,2024-12-27,640.58,9
POL100330,FL,2024-09-28,378.03,1
POL100331,PA,2024-07-19,732.68,14
POL100332,PA,2024-09-17,880.2,13
POL100333,NY,2025-03-17,1157.26,9
POL100334,FL,2024-09-23,1166.06,10
POL100335,NJ,2025-06-03,665.35,9
POL100336,FL,2025-06-15,924.65,12
POL100337,NY,2025-01-14,1444.83,6
POL100338,PA,2024-08-19,893.98,15
POL100339,PA,2024-04-18,1263.0,11
POL100340,FL,2024-02-26,869.87,6
POL100341,NY,2025-05-21,2004.94,11
POL100342,NJ,2025-04-05,803.13,6
POL100343,PA,2024-02-03,1431.43,9
POL100344,PA,2024-08-29,1089.43,4
POL100345,NJ,2025-03-21,1520.01,6
POL100346,NY,2024-06-21,949.92,12
POL100347,NJ,2025-01-27,578.88,3
POL100348,FL,2025-02-08,1344.21,11
POL100349,NY,2024-09-30,894.23,8
POL100350,FL,2024-03-13,1174.81,3
POL100351,CT,2024-05-15,962.73,5
POL100352,NY,2025-03-01,1542.93,3
POL100353,PA,2024-04-30,1397.9,6
POL100354,PA,2025-01-25,711.44,15
POL100355,PA,2024-12-09,1657.71,13
POL100356,FL,2025-03-17,1051.47,8
POL100357,NY,2025-03-29,1295.68,15
POL100358,NY,2024-06-03,1881.12,15
POL100359,NJ,2025-03-04,749.82,0
POL100360,NY,2025-01-26,1947.23,14
POL100361,PA,2025-03-20,1037.03,3
POL100362,FL,2024-12-18,1520.72,9
POL100363,FL,2024-01-07,504.18,3
POL100364,NY,2024-03-28,1162.49,14
POL100365,FL,2025-05-16,1092.7,12
POL100366,PA,2025-04-08,828.4,11
POL100367,NY,2024-07-13,892.15,14
POL100368,PA,2024-11-05,1175.53,14
POL100369,NJ,2024-09-09,620.14,13
POL100370,FL,2024-10-05,1259.05,13
POL100371,NY,2025-02-01,642.21,12
POL100372,NY,2025-02-12,1431.89,4
POL100373,NJ,2025-05-22,814.08,0
POL100374,NJ,2024-10-14,1319.01,11
POL100375,FL,2025-03-24,997.58,13
POL100376,PA,2025-04-26,1034.18,10
POL100377,FL,2025-06-21,1841.05,12
POL100378,NY,2024-06-26,2233.58,5
POL100379,FL,2024-11-15,1570.98,1
POL100380,NY,2025-04-08,952.66,12
POL100381,FL,2024-12-21,1374.11,12
POL100382,FL,2025-02-02,1273.9,7
POL100383,CT,2025-03-06,1160.82,8
POL100384,NY,2025-02-02,1184.7,10
POL100385,PA,2024-04-01,628.04,14
POL100386,FL,2024-03-29,773.53,5
POL100387,NJ,2024-02-19,1067.71,5
POL100388,NJ,2024-12-29,1254.46,15
POL100389,NJ,2024-12-13,1545.69,15
POL100390,NJ,2024-12-31,1159.48,13
POL100391,NJ,2025-05-14,1215.07,5
POL100392,PA,2024-07-20,2079.68,15
POL100393,NY,2024-09-10,1511.7,12
POL100394,NJ,2024-08-07,700.28,11
POL100395,FL,2024-05-04,1173.19,8
POL100396,NY,2024-06-06,1366.59,3
POL100397,FL,2024-08-25,656.15,12
POL100398,NY,2025-05-24,1272.15,9
POL100399,NJ,2024-03-13,1135.18,13
POL100400,PA,2025-05-13,1424.73,11
POL100401,PA,2025-02-19,573.19,3
POL100402,FL,2025-05-17,909.08,8
POL100403,PA,2024-01-22,856.76,7
POL100404,NY,2024-04-27,612.62,0
POL100405,NY,2024-04-22,870.66,15
POL100406,NJ,2025-02-10,1872.87,11
POL100407,PA,2024-01-02,1291.49,8
POL100408,FL,2024-06-17,1249.17,1
POL100409,NJ,2025-01-21,1859.64,14
POL100410,NJ,2025-06-17,1379.48,3
POL100411,NY,2024-05-19,689.12,6
POL100412,NJ,2024-06-23,1022.77,14
POL100413,PA,2024-05-16,1207.16,0
POL100414,FL,2024-05-18,692.77,9
POL100415,PA,2024-05-22,1414.89,7
POL100416,NY,2024-02-06,696.76,1
POL100417,NY,2024-03-30,1030.26,3
POL100418,NY,2024-11-19,881.5,11
POL100419,FL,2024-10-30,1039.72,3
POL100420,NY,2024-06-05,2565.08,0
POL100421,NY,2025-05-13,1359.45,14
POL100422,CT,2025-02-14,1431.1,0
POL100423,FL,2024-01-13,1373.98,14
POL100424,NJ,2025-01-16,2124.58,15
POL100425,FL,2024-05-02,762.57,10
POL100426,NY,2025-05-05,1702.06,11
POL100427,PA,2025-01-22,1006.03,8
POL100428,NJ,2024-04-12,717.36,15
POL100429,FL,2024-03-15,761.06,10
POL100430,NY,2024-03-05,975.74,15
POL100431,NY,2024-09-10,1418.81,1
POL100432,FL,2024-02-09,993.46,6
POL100433,FL,2025-03-13,505.3,11
POL100434,NJ,2024-05-20,931.0,14
POL100435,PA,2024-11-21,869.05,3
POL100436,FL,2025-01-08,1927.43,10
POL100437,NY,2024-07-23,918.42,1
POL100438,FL,2024-01-25,822.36,14
POL100439,CT,2025-01-31,1192.62,13
POL100440,CT,2025-05-19,1987.68,7
POL100441,FL,2024-02-20,453.23,0
POL100442,PA,2024-03-13,865.72,3
POL100443,PA,2024-12-12,794.94,10
POL100444,NJ,2025-03-18,1327.89,5
POL100445,PA,2024-07-19,1649.78,6
POL100446,NY,2025-01-31,1834.06,5
POL100447,NY,2024-10-09,714.27,12
POL100448,CT,2024-09-09,761.87,2
POL100449,NY,2025-02-15,1273.73,10
POL100450,PA,2024-03-12,1080.79,10
POL100451,PA,2025-05-22,868.85,9
POL100452,NY,2024-03-17,1104.0,5
POL100453,NJ,2024-10-27,773.19,3
POL100454,PA,2024-06-23,883.18,4
POL100455,PA,2024-10-01,1298.06,14
POL100456,NY,2025-01-24,1115.95,15
POL100457,NY,2025-01-21,1447.65,0
POL100458,NY,2024-12-15,1086.49,14
POL100459,NY,2025-06-26,1135.35,13
POL100460,CT,2024-04-01,1244.89,1
POL100461,FL,2024-06-24,1077.02,8
POL100462,FL,2024-02-23,1255.45,10
POL100463,NJ,2025-05-19,940.86,7
POL100464,PA,2024-08-26,1094.26,3
POL100465,NJ,2024-06-24,1359.59,2
POL100466,NJ,2024-10-08,519.02,13
POL100467,FL,2025-02-20,901.79,9
POL100468,NJ,2024-02-28,1359.56,8
POL100469,NJ,2024-10-27,1095.79,5
POL100470,NY,2025-02-28,739.84,7
POL100471,FL,2025-02-26,1152.3,13
POL100472,NJ,2024-04-24,662.27,10
POL100473,PA,2024-07-19,960.51,6
POL100474,PA,2025-01-09,1362.85,2
POL100475,NJ,2024-08-03,659.54,13
POL100476,NJ,2024-02-26,1318.63,12
POL100477,FL,2024-08-01,586.2,1
POL100478,PA,2024-02-06,1181.14,11
POL100479,CT,2025-02-08,1035.33,12
POL100480,FL,2024-05-24,1168.62,1
POL100481,FL,2025-01-25,1588.34,6
POL100482,NJ,2025-03-18,697.11,11
POL100483,FL,2024-12-22,1615.72,14
POL100484,NJ,2025-06-08,1463.69,10
POL100485,NJ,2024-07-13,984.14,13
POL100486,NJ,2025-01-08,754.69,1
POL100487,NY,2025-06-03,729.79,15
POL100488,FL,2025-05-23,2098.5,0
POL100489,PA,2025-02-07,1909.93,9
POL100490,FL,2025-02-17,1086.43,7
POL100491,FL,2024-05-22,1313.72,6
POL100492,PA,2024-07-08,1522.26,1
POL100493,NJ,2024-02-05,1091.81,5
POL100494,NJ,2024-06-10,1065.52,4
POL100495,NJ,2025-06-17,1422.52,6
POL100496,NJ,2024-11-19,719.83,14
POL100497,NY,2024-09-01,652.82,5
POL100498,NY,2024-06-24,804.94,4
POL100499,NY,2024-01-28,1500.72,9
POL100500,NJ,2024-06-02,1572.09,10
POL100501,FL,2024-03-16,2031.46,11
POL100502,FL,2024-04-10,1106.05,2
POL100503,NY,2024-12-18,1445.62,2
POL100504,CT,2025-03-19,1068.14,5
POL100505,NJ,2024-04-23,1102.91,8
POL100506,CT,2024-06-08,1048.27,5
POL100507,PA,2024-02-28,715.85,13
POL100508,CT,2024-10-28,2051.19,3
POL100509,NJ,2024-07-17,1218.04,12
POL100510,NY,2024-08-06,1309.83,4
POL100511,FL,2024-04-21,1678.55,15
POL100512,NJ,2024-01-24,716.6,7
POL100513,FL,2024-05-27,1444.8,4
POL100514,PA,2025-01-17,1153.0,11
POL100515,NY,2024-05-19,1048.71,10
POL100516,NY,2024-04-14,687.76,8
POL100517,PA,2025-05-01,811.5,6
POL100518,FL,2025-05-09,1236.94,5
POL100519,NY,2024-08-27,1607.41,9
POL100520,NY,2025-03-08,996.89,7
POL100521,NY,2024-08-30,532.68,4
POL100522,NJ,2024-05-29,1710.65,8
POL100523,NY,2024-01-22,1459.54,8
POL100524,NY,2025-03-15,691.55,14
POL100525,NJ,2025-03-19,614.4,5
POL100526,CT,2024-03-10,1428.89,2
POL100527,NY,2024-11-13,732.73,14
POL100528,PA,2025-03-31,1017.07,4
POL100529,CT,2024-12-28,1351.49,10
POL100530,NJ,2024-04-25,1484.31,4
POL100531,FL,2024-04-15,905.25,5
POL100532,NY,2024-05-10,1012.74,4
POL100533,NY,2025-03-02,934.8,1
POL100534,NY,2025-06-07,765.72,5
POL100535,CT,2024-08-31,1918.87,3
POL100536,NY,2025-06-25,1269.97,4
POL100537,CT,2024-02-21,910.87,3
POL100538,NY,2024-06-14,982.44,13
POL100539,FL,2024-05-10,1108.63,6
POL100540,NJ,2024-12-29,1371.36,12
POL100541,NY,2025-02-01,1198.62,11
POL100542,NJ,2024-01-08,864.18,8
POL100543,PA,2025-06-07,1019.45,15
POL100544,PA,2024-02-08,1015.07,0
POL100545,NY,2024-07-28,727.72,15
POL100546,PA,2025-06-30,1095.6,5
POL100547,NJ,2025-01-28,1242.86,14
POL100548,FL,2025-05-13,1478.71,15
POL100549,FL,2024-04-29,840.1,8
POL100550,NY,2025-03-20,667.19,8
POL100551,NJ,2025-03-13,1778.9,7
POL100552,FL,2024-11-29,1952.03,0
POL100553,NJ,2024-03-05,1089.83,5
POL100554,FL,2025-03-30,940.74,7
POL100555,FL,2024-05-19,1825.42,1
POL100556,NY,2025-06-04,937.11,10
POL100557,FL,2025-02-11,1562.14,11
POL100558,PA,2025-06-24,1506.83,13
POL100559,FL,2024-04-26,1022.57,10
POL100560,NJ,2025-01-02,620.51,15
POL100561,NJ,2025-05-19,719.95,5
POL100562,PA,2025-04-02,746.8,9
POL100563,NJ,2024-02-13,1342.09,15
POL100564,PA,2025-05-20,1032.59,10
POL100565,NY,2025-01-15,1239.32,10
POL100566,NJ,2025-06-12,1599.89,5
POL100567,NJ,2025-02-10,1379.12,3
POL100568,FL,2024-01-28,559.75,2
POL100569,NJ,2024-01-04,1022.86,7
POL100570,NJ,2025-05-25,1334.99,2
POL100571,FL,2024-02-18,1126.14,4
POL100572,PA,2024-04-18,2555.79,9
POL100573,NY,2024-05-18,1061.93,7
POL100574,NY,2024-02-12,1334.54,10
POL100575,CT,2025-04-25,1036.15,8
POL100576,NY,2024-08-05,1114.74,15
POL100577,FL,2024-12-15,604.85,12
POL100578,NJ,2025-02-05,1062.14,3
POL100579,PA,2024-08-07,1375.51,15
POL100580,PA,2025-03-26,1020.45,0
POL100581,NJ,2025-03-13,859.88,3
POL100582,FL,2024-01-23,440.14,13
POL100583,FL,2024-12-22,1972.13,5
POL100584,FL,2024-06-13,1523.64,14
POL100585,FL,2024-07-22,854.35,14
POL100586,CT,2024-11-22,1219.25,15
POL100587,FL,2024-05-07,1256.26,12
POL100588,FL,2024-04-02,1187.01,7
POL100589,PA,2025-06-30,1411.79,13
POL100590,FL,2025-06-23,1066.63,0
POL100591,NY,2024-07-31,1120.7,8
POL100592,PA,2025-04-27,1234.08,9
POL100593,CT,2025-06-26,1048.06,15
POL100594,NY,2025-04-26,1953.63,3
POL100595,PA,2024-01-16,631.03,1
POL100596,NY,2024-02-23,939.31,7
POL100597,NJ,2024-10-19,979.2,0
POL100598,NY,2024-04-24,1081.79,0
POL100599,NY,2025-05-20,820.28,11
POL100600,CT,2024-10-12,1176.26,13
POL100601,NY,2024-12-19,976.84,15
POL100602,NJ,2024-10-20,890.34,12
POL100603,NJ,2024-08-02,757.61,10
POL100604,CT,2024-10-16,1449.38,3
POL100605,NJ,2025-01-25,611.48,10
POL100606,NJ,2024-01-24,885.55,7
POL100607,PA,2024-03-10,930.62,6
POL100608,FL,2024-08-20,1334.33,1
POL100609,NJ,2025-03-14,1138.08,15
POL100610,PA,2024-03-31,1659.39,13
POL100611,FL,2024-02-07,1039.69,1
POL100612,NY,2024-09-24,879.77,11
POL100613,CT,2025-03-06,938.04,9
POL100614,NY,2025-02-03,467.1,8
POL100615,NY,2025-02-17,951.75,6
POL100616,NY,2024-01-27,1427.48,13
POL100617,NJ,2025-05-26,1127.17,11
POL100618,PA,2024-12-06,1052.38,12
POL100619,NY,2025-05-16,801.73,0
POL100620,CT,2025-02-24,700.87,5
POL100621,CT,2024-04-24,978.19,0
POL100622,FL,2025-02-13,1120.31,6
POL100623,NY,2025-05-09,404.89,1
POL100624,NY,2024-05-31,1358.77,3
POL100625,FL,2025-05-31,614.41,1
POL100626,CT,2025-05-25,1367.41,4
POL100627,NY,2025-06-21,780.3,14
POL100628,FL,2024-12-09,1536.85,7
POL100629,PA,2024-11-21,811.69,6
POL100630,NJ,2024-07-11,1011.96,3
POL100631,PA,2024-11-02,1047.61,7
POL100632,FL,2025-05-17,1410.21,1
POL100633,PA,2025-06-10,727.87,5
POL100634,NY,2024-08-14,814.92,4
POL100635,NJ,2024-02-04,1671.93,12
POL100636,NY,2024-12-13,1199.11,7
POL100637,NJ,2024-05-01,963.46,10
POL100638,NY,2025-04-13,1562.89,15
POL100639,PA,2024-09-17,986.72,1
POL100640,NY,2024-09-19,1137.87,10
POL100641,FL,2024-02-29,1183.19,9
POL100642,NJ,2024-11-12,1700.85,15
POL100643,PA,2024-12-04,1278.17,6
POL100644,NY,2025-06-20,2818.84,0
POL100645,PA,2024-05-22,428.02,14
POL100646,PA,2024-02-29,656.96,12
POL100647,PA,2024-08-28,2174.96,0
POL100648,NY,2025-05-08,1501.41,5
POL100649,NY,2025-03-18,934.31,1
POL100650,FL,2025-03-28,776.2,4
POL100651,FL,2024-08-31,986.5,9
POL100652,PA,2025-02-18,1306.67,0
POL100653,PA,2024-02-27,739.2,4
POL100654,CT,2024-11-08,1589.41,5
POL100655,FL,2024-04-14,1478.22,7
POL100656,FL,2024-05-14,834.72,13
POL100657,NY,2024-03-11,1173.76,3
POL100658,NJ,2024-08-20,729.18,12
POL100659,PA,2025-03-09,1037.94,11
POL100660,NY,2024-09-16,971.97,13
POL100661,NJ,2024-06-14,1037.15,12
POL100662,NY,2024-11-13,1183.42,9
POL100663,PA,2024-04-01,2128.81,7
POL100664,NJ,2025-04-23,1474.54,3
POL100665,NJ,2024-09-27,1468.94,8
POL100666,FL,2024-03-31,4305.89,13
POL100667,NJ,2024-10-03,551.49,8
POL100668,NY,2025-05-01,1406.27,1
POL100669,FL,2025-05-08,990.55,7
POL100670,PA,2025-02-17,1349.22,14
POL100671,FL,2025-02-05,1014.87,14
POL100672,NJ,2024-03-16,726.34,1
POL100673,CT,2024-02-20,795.26,8
POL100674,PA,2024-01-26,1243.07,0
POL100675,NJ,2025-06-16,1408.5,5
POL100676,NY,2025-04-21,1145.11,1
POL100677,NY,2024-01-26,1111.98,5
POL100678,PA,2025-03-06,1541.54,4
POL100679,FL,2024-04-14,959.67,2
POL100680,FL,2024-08-11,1290.82,6
POL100681,PA,2024-03-18,1138.03,0
POL100682,PA,2025-02-09,1038.79,10
POL100683,NJ,2024-07-14,693.23,15
POL100684,NJ,2024-10-29,1121.85,5
POL100685,CT,2024-05-31,965.57,7
POL100686,NY,2024-11-07,819.07,9
POL100687,NY,2025-06-28,1432.97,6
POL100688,NY,2025-06-09,689.08,9
POL100689,NY,2025-02-11,460.69,13
POL100690,PA,2024-08-09,940.86,8
POL100691,NJ,2024-02-04,1686.66,15
POL100692,PA,2024-05-07,1029.92,2
POL100693,NJ,2025-02-20,1089.01,12
POL100694,CT,2025-01-25,1210.51,9
POL100695,FL,2024-08-15,747.71,7
POL100696,NY,2025-04-19,1215.08,6
POL100697,NJ,2024-03-05,1705.72,0
POL100698,FL,2025-05-19,1521.89,11
POL100699,PA,2024-01-29,840.41,1
POL100700,NJ,2024-02-15,735.46,0
POL100701,NJ,2024-03-20,763.83,6
POL100702,FL,2025-01-06,816.96,14
POL100703,PA,2024-10-17,734.53,0
POL100704,NJ,2025-03-13,1225.46,12
POL100705,NY,2024-03-13,488.08,8
POL100706,FL,2025-01-18,539.94,13
POL100707,NJ,2024-12-28,1130.52,5
POL100708,NJ,2024-12-16,895.63,9
POL100709,PA,2024-04-17,961.66,13
POL100710,NY,2024-08-30,1576.29,15
POL100711,FL,2024-11-11,789.37,2
POL100712,FL,2025-06-07,749.86,15
POL100713,NY,2025-05-02,1257.61,13
POL100714,FL,2024-03-21,1543.6,8
POL100715,NJ,2024-08-18,1058.53,15
POL100716,FL,2024-10-05,670.96,15
POL100717,PA,2024-04-11,953.48,8
POL100718,FL,2024-10-21,1196.98,15
POL100719,NJ,2024-03-07,893.88,10
POL100720,NY,2025-01-07,852.86,7
POL100721,NJ,2024-06-15,901.83,3
POL100722,NJ,2024-02-02,1975.06,14
POL100723,FL,2024-06-13,1502.15,9
POL100724,NY,2025-04-25,1411.11,6
POL100725,FL,2024-09-29,1055.67,5
POL100726,NY,2025-03-25,1149.49,13
POL100727,NY,2025-03-05,1048.11,0
POL100728,PA,2024-03-04,1046.21,14
POL100729,PA,2024-08-25,788.42,8
POL100730,FL,2024-05-03,2155.52,12
POL100731,NY,2025-03-19,937.57,8
POL100732,NJ,2025-01-04,1198.61,9
POL100733,PA,2025-05-11,1119.1,15
POL100734,NY,2025-03-30,821.19,8
POL100735,PA,2024-10-07,1237.62,7
POL100736,FL,2024-11-02,1326.25,5
POL100737,NY,2025-02-10,1747.07,8
POL100738,PA,2025-06-24,929.45,7
POL100739,NY,2024-09-10,2149.7,10
POL100740,NJ,2025-01-11,1141.74,15
POL100741,FL,2024-12-19,948.45,9
POL100742,CT,2025-06-20,1184.2,14
POL100743,FL,2025-05-06,939.57,5
POL100744,NY,2025-03-16,1462.87,5
POL100745,NY,2024-09-23,2666.71,7
POL100746,NY,2024-06-29,1422.19,0
POL100747,PA,2024-10-03,798.9,11
POL100748,FL,2024-08-19,686.23,15
POL100749,PA,2025-03-11,1330.6,7
POL100750,CT,2024-02-26,1279.16,9
POL100751,NJ,2024-09-24,795.64,4
POL100752,NY,2024-08-01,1046.42,12
POL100753,PA,2024-04-22,1100.38,11
POL100754,CT,2024-09-03,1463.46,7
POL100755,FL,2024-11-04,387.98,15
POL100756,NJ,2024-11-19,1580.83,1
POL100757,NY,2024-05-08,1077.47,0
POL100758,CT,2024-12-10,660.35,5
POL100759,PA,2024-03-03,1219.17,9
POL100760,CT,2024-09-08,654.51,9
POL100761,PA,2024-06-18,805.15,14
POL100762,NY,2024-08-20,934.71,15
POL100763,FL,2024-05-09,721.42,2
POL100764,FL,2024-06-06,1098.08,11
POL100765,PA,2024-02-03,551.92,3
POL100766,PA,2024-06-27,1108.1,5
POL100767,FL,2024-03-07,545.58,3
POL100768,NY,2025-05-28,1454.52,1
POL100769,NY,2024-04-16,1480.78,5
POL100770,CT,2024-08-09,591.59,12
POL100771,NY,2025-03-02,966.6,0
POL100772,NJ,2024-07-29,726.7,14
POL100773,NJ,2025-02-23,1621.12,2
POL100774,FL,2025-05-13,1157.38,11
POL100775,NY,2024-04-08,1193.21,15
POL100776,NY,2025-02-27,1158.47,5
POL100777,PA,2024-07-04,647.83,13
POL100778,NY,2025-03-01,1201.57,14
POL100779,NY,2025-03-24,1046.29,12
POL100780,NY,2024-07-09,1507.8,15
POL100781,FL,2024-05-12,757.62,10
POL100782,PA,2024-11-03,562.12,9
POL100783,PA,2024-05-12,767.58,12
POL100784,FL,2024-02-23,1050.89,14
POL100785,FL,2024-04-05,779.86,5
POL100786,NY,2025-01-02,1258.78,5
POL100787,NY,2024-10-03,980.17,5
POL100788,PA,2024-06-01,910.51,12
POL100789,NY,2024-04-28,1135.93,3
POL100790,CT,2024-08-07,1069.59,9
POL100791,NJ,2024-12-06,1522.66,13
POL100792,CT,2024-04-13,747.43,6
POL100793,FL,2024-06-18,483.5,15
POL100794,FL,2024-05-24,1129.02,7
POL100795,NY,2024-05-05,716.45,1
POL100796,FL,2024-11-18,922.12,12
POL100797,FL,2025-01-20,1364.47,1
POL100798,FL,2024-05-14,1414.6,7
POL100799,FL,2025-04-29,1734.54,2
POL100800,NJ,2024-02-12,1463.39,11
POL100801,PA,2025-03-06,1450.81,6
POL100802,NY,2025-02-10,1162.66,13
POL100803,NJ,2025-02-06,773.24,4
POL100804,NJ,2025-01-06,908.0,5
POL100805,NJ,2024-04-21,1179.42,7
POL100806,CT,2024-01-30,1315.91,2
POL100807,NY,2024-06-02,1451.06,14
POL100808,NY,2025-05-20,393.47,11
POL100809,NJ,2025-01-03,1131.6,14
POL100810,NJ,2024-06-23,1184.18,1
POL100811,NY,2025-01-13,611.83,11
POL100812,NY,2024-06-19,1409.11,3
POL100813,PA,2025-06-10,1020.41,0
POL100814,CT,2024-06-04,1288.74,0
POL100815,PA,2024-08-06,1973.24,11
POL100816,FL,2024-07-02,647.97,5
POL100817,PA,2025-05-30,1056.82,1
POL100818,NJ,2024-12-29,1849.2,8
POL100819,NY,2024-04-26,878.38,13
POL100820,NY,2024-08-19,1059.5,1
POL100821,NY,2025-02-23,1088.02,10
POL100822,FL,2024-02-28,928.3,8
POL100823,NY,2025-05-29,1104.76,10
POL100824,FL,2025-04-19,677.14,8
POL100825,FL,2024-06-16,1503.38,5
POL100826,NY,2025-03-10,1681.32,0
POL100827,PA,2025-05-24,751.95,7
POL100828,CT,2025-05-14,1038.06,15
POL100829,NJ,2024-04-10,1340.59,11
POL100830,NY,2024-08-23,1222.89,14
POL100831,PA,2025-05-31,1605.91,3
POL100832,NJ,2025-05-23,809.55,1
POL100833,CT,2025-04-04,651.31,4
POL100834,NY,2025-04-02,730.55,10
POL100835,NJ,2025-03-15,1239.75,3
POL100836,CT,2024-10-30,903.34,15
POL100837,CT,2024-08-18,1404.76,3
POL100838,NJ,2024-07-29,1127.06,4
POL100839,CT,2024-05-30,1028.15,14
POL100840,FL,2025-01-03,897.2,3
POL100841,CT,2025-04-16,1267.19,9
POL100842,FL,2024-07-17,3504.36,7
POL100843,PA,2024-11-06,1288.03,1
POL100844,FL,2025-04-24,1411.07,3
POL100845,NJ,2025-06-10,1032.65,10
POL100846,NY,2024-11-20,893.62,12
POL100847,NJ,2025-06-04,1873.41,6
POL100848,FL,2024-07-05,1166.15,4
POL100849,FL,2024-03-01,1609.01,1
POL100850,NY,2025-02-26,703.57,2
POL100851,PA,2025-05-26,777.86,0
POL100852,NY,2024-12-16,1041.89,11
POL100853,NY,2024-10-22,1139.39,6
POL100854,CT,2024-08-30,1519.66,11
POL100855,NY,2025-06-22,1360.96,13
POL100856,NY,2024-07-14,1465.35,1
POL100857,NJ,2024-11-29,1008.39,15
POL100858,NY,2024-01-15,747.9,8
POL100859,NY,2025-02-03,1161.19,0
POL100860,NY,2025-02-22,1169.35,15
POL100861,NY,2025-04-30,1326.91,9
POL100862,NJ,2025-05-05,814.98,15
POL100863,CT,2024-07-16,2875.6,15
POL100864,FL,2024-08-30,1149.65,4
POL100865,FL,2024-12-26,1086.29,8
POL100866,FL,2024-03-28,822.56,7
POL100867,PA,2024-09-15,1246.07,8
POL100868,CT,2024-02-24,548.45,8
POL100869,NJ,2024-03-11,1342.25,0
POL100870,PA,2024-11-20,901.6,14
POL100871,NY,2024-12-21,902.37,1
POL100872,NJ,2024-11-16,684.52,6
POL100873,FL,2024-10-15,837.09,0
POL100874,PA,2025-02-08,643.23,12
POL100875,PA,2025-01-28,1089.3,12
POL100876,NJ,2024-12-25,1643.67,1
POL100877,NY,2024-04-19,944.06,7
POL100878,NY,2024-05-18,958.06,7
POL100879,NY,2024-05-13,1001.37,1
POL100880,CT,2025-01-14,1409.88,5
POL100881,FL,2024-05-16,790.8,9
POL100882,PA,2025-05-19,1114.17,15
POL100883,CT,2025-03-29,1532.46,9
POL100884,PA,2024-11-16,1246.56,4
POL100885,FL,2025-03-12,1528.79,15
POL100886,PA,2024-02-03,1780.65,0
POL100887,CT,2025-02-23,1477.19,2
POL100888,FL,2025-04-06,954.07,11
POL100889,FL,2024-08-18,822.41,8
POL100890,NY,2024-05-22,1652.55,3
POL100891,NJ,2025-02-01,1176.99,10
POL100892,FL,2024-11-10,1431.16,12
POL100893,FL,2024-09-30,1148.55,14
POL100894,NJ,2025-04-21,956.94,2
POL100895,NY,2024-07-29,884.54,9
POL100896,NY,2024-05-08,1195.04,1
POL100897,NJ,2024-02-15,1141.15,14
POL100898,PA,2024-06-02,578.35,1
POL100899,NY,2025-05-25,1522.82,5
POL100900,FL,2024-08-22,1208.06,8
POL100901,PA,2025-01-25,582.1,4
POL100902,PA,2025-04-11,1412.01,3
POL100903,FL,2025-05-13,1194.31,3
POL100904,PA,2024-06-09,1446.12,5
POL100905,PA,2024-08-08,829.49,13
POL100906,PA,2025-04-22,1074.51,10
POL100907,NY,2024-05-08,848.55,0
POL100908,PA,2024-08-03,828.76,14
POL100909,PA,2024-07-13,1121.57,0
POL100910,PA,2025-02-13,2452.82,3
POL100911,NY,2024-11-19,1787.61,1
POL100912,NY,2024-12-02,583.56,1
POL100913,CT,2024-11-16,1216.92,4
POL100914,NJ,2024-04-11,1065.95,4
POL100915,NY,2024-11-27,1686.03,13
POL100916,FL,2024-01-24,738.95,3
POL100917,FL,2024-05-09,948.11,12
POL100918,FL,2024-11-15,679.26,10
POL100919,NY,2025-06-20,636.46,12
POL100920,NY,2024-07-22,984.99,4
POL100921,NY,2025-05-30,1381.62,3
POL100922,CT,2024-09-14,1266.81,2
POL100923,PA,2025-05-04,773.69,1
POL100924,NJ,2024-10-04,1137.16,1
POL100925,PA,2024-07-10,770.63,10
POL100926,NJ,2025-01-18,1824.81,8
POL100927,FL,2024-06-30,732.05,11
POL100928,NY,2024-06-10,881.33,6
POL100929,NY,2024-05-13,1784.92,12
POL100930,PA,2024-11-17,551.67,11
POL100931,CT,2024-08-26,1375.14,6
POL100932,NJ,2024-08-05,963.22,14
POL100933,NY,2025-01-10,725.92,12
POL100934,NY,2024-03-11,1728.37,2
POL100935,NY,2024-06-06,1064.62,10
POL100936,NY,2025-02-04,689.26,15
POL100937,NY,2024-09-23,1866.2,15
POL100938,CT,2025-02-28,1011.48,12
POL100939,NJ,2025-06-23,1087.83,1
POL100940,NJ,2024-11-30,719.02,3
POL100941,NJ,2024-04-18,1652.54,11
POL100942,NY,2024-02-25,1152.45,8
POL100943,NY,2024-03-04,663.34,0
POL100944,FL,2025-05-23,1209.92,6
POL100945,FL,2025-05-19,827.05,6
POL100946,PA,2025-06-23,396.13,13
POL100947,NY,2024-06-08,525.98,15
POL100948,NY,2025-04-03,922.2,15
POL100949,FL,2024-05-27,1076.85,4
POL100950,NJ,2024-04-17,939.21,2
POL100951,NJ,2025-04-28,1362.77,15
POL100952,PA,2024-06-25,1641.27,10
POL100953,PA,2024-05-16,1036.11,9
POL100954,PA,2024-07-08,1981.48,6
POL100955,FL,2024-04-18,883.0,12
POL100956,CT,2024-03-30,735.01,9
POL100957,NJ,2025-04-03,818.22,2
POL100958,CT,2025-02-16,1202.93,0
POL100959,PA,2024-01-13,1391.09,0
POL100960,CT,2024-04-29,1161.93,14
POL100961,NY,2024-04-26,1877.01,5
POL100962,FL,2024-11-15,675.29,2
POL100963,FL,2024-10-28,1451.11,2
POL100964,NY,2024-11-23,2262.22,5
POL100965,NJ,2024-03-17,905.03,10
POL100966,NJ,2024-04-03,767.38,10
POL100967,FL,2024-11-21,1618.64,15
POL100968,CT,2024-11-09,855.07,15
POL100969,NJ,2024-03-19,1196.83,6
POL100970,FL,2025-04-20,669.21,15
POL100971,CT,2025-03-21,1272.93,9
POL100972,PA,2024-04-13,1253.59,9
POL100973,PA,2025-03-14,1175.39,2
POL100974,NJ,2025-03-05,1183.42,9
POL100975,NY,2025-02-13,1644.69,10
POL100976,FL,2024-04-04,625.52,15
POL100977,NJ,2024-11-16,680.2,14
POL100978,CT,2024-10-17,1150.88,3
POL100979,NJ,2025-04-25,999.85,13
POL100980,NJ,2024-09-19,1251.82,1
POL100981,NY,2024-04-26,1005.8,9
POL100982,CT,2025-05-27,1036.88,5
POL100983,PA,2024-12-10,1400.49,4
POL100984,NJ,2024-05-15,2842.75,10
POL100985,NY,2024-12-14,1760.03,2
POL100986,NY,2024-11-15,1075.58,10
POL100987,PA,2025-04-26,1994.1,13
POL100988,NJ,2024-07-04,1287.04,12
POL100989,CT,2024-06-18,1513.6,13
POL100990,FL,2025-04-26,1732.22,11
POL100991,CT,2024-03-17,1108.63,8
POL100992,PA,2025-02-14,1917.28,2
POL100993,PA,2024-07-20,1174.24,4
POL100994,PA,2024-02-13,1365.37,5
POL100995,FL,2024-11-06,1093.74,14
POL100996,PA,2024-04-03,1081.58,15
POL100997,NY,2024-11-01,1448.17,13
POL100998,PA,2024-10-13,974.14,9
POL100999,NJ,2024-03-27,932.5,0
POL101000,NJ,2024-08-10,903.3,4
POL101001,FL,2025-02-18,1340.04,9
POL101002,PA,2024-11-19,2350.61,11
POL101003,CT,2024-11-22,1153.75,0
POL101004,PA,2025-01-11,1294.48,10
POL101005,NY,2025-05-16,1677.01,7
POL101006,PA,2025-02-15,931.53,4
POL101007,PA,2024-03-01,734.39,7
POL101008,NY,2025-01-16,1068.8,10
POL101009,PA,2025-05-24,798.12,2
POL101010,FL,2024-05-05,1095.37,5
POL101011,NY,2024-06-23,739.1,5
POL101012,NY,2025-03-15,788.27,4
POL101013,NY,2025-01-20,1359.22,0
POL101014,FL,2025-05-28,622.49,14
POL101015,PA,2024-01-07,1084.66,8
POL101016,NY,2025-06-15,1040.7,2
POL101017,PA,2024-02-05,1406.72,13
POL101018,NY,2024-02-03,692.56,14
POL101019,NJ,2025-04-17,1096.66,4
POL101020,PA,2024-06-16,1139.3,0
POL101021,CT,2024-06-23,1214.08,7
POL101022,PA,2025-04-09,1481.55,10
POL101023,PA,2024-12-02,923.51,11
POL101024,PA,2025-01-29,800.63,15
POL101025,PA,2025-01-08,665.82,12
POL101026,PA,2025-04-28,771.14,7
POL101027,NY,2024-04-28,740.51,14
POL101028,PA,2025-04-19,841.77,11
POL101029,PA,2025-02-03,822.67,6
POL101030,NY,2025-04-08,1032.25,13
POL101031,PA,2025-06-09,974.25,15
POL101032,NY,2025-01-19,1330.47,2
POL101033,NJ,2024-12-11,1691.97,15
POL101034,NY,2024-04-29,1560.02,11
POL101035,NY,2024-07-05,1659.39,14
POL101036,NY,2024-12-28,1248.25,9
POL101037,NJ,2025-01-16,933.23,0
POL101038,PA,2025-04-14,1149.85,0
POL101039,NY,2025-06-08,854.08,11
POL101040,FL,2025-05-29,1063.37,1
POL101041,NY,2024-05-07,1454.65,2
POL101042,PA,2024-04-10,1556.16,10
POL101043,NJ,2025-01-12,1190.39,4
POL101044,NY,2025-04-26,2126.72,0
POL101045,FL,2025-01-27,1014.21,9
POL101046,NY,2024-12-20,1116.37,5
POL101047,NY,2025-01-01,741.99,10
POL101048,FL,2025-03-19,755.73,14
POL101049,NJ,2024-03-20,971.87,5
POL101050,FL,2025-03-03,1039.76,7
POL101051,FL,2024-06-07,579.75,0
POL101052,FL,2024-08-05,867.95,12
POL101053,NJ,2024-05-14,645.24,5
POL101054,NY,2025-06-03,679.43,2
POL101055,FL,2025-02-11,617.54,8
POL101056,FL,2025-06-25,610.93,9
POL101057,NJ,2025-04-15,1123.05,2
POL101058,CT,2024-03-09,746.28,11
POL101059,CT,2024-11-01,977.71,14
POL101060,PA,2024-06-16,799.8,15
POL101061,CT,2025-03-12,1234.41,7
POL101062,NY,2025-01-26,863.18,1
POL101063,FL,2025-02-18,1452.78,12
POL101064,PA,2025-04-25,1217.14,2
POL101065,NJ,2024-10-04,946.17,0
POL101066,PA,2024-03-23,872.15,5
POL101067,NJ,2024-06-22,1889.32,11
POL101068,NY,2024-05-15,1354.29,13
POL101069,NJ,2024-02-04,1055.79,6
POL101070,NY,2025-01-12,1752.58,6
POL101071,CT,2024-01-31,724.32,12
POL101072,NJ,2024-01-22,1046.65,9
POL101073,PA,2024-12-07,884.63,10
POL101074,PA,2024-04-06,1238.04,11
POL101075,NY,2024-01-10,1215.52,5
POL101076,PA,2024-08-11,1430.11,9
POL101077,NJ,2025-05-11,672.28,0
POL101078,FL,2025-06-18,1305.92,12
POL101079,NY,2025-06-22,978.49,13
POL101080,PA,2024-03-01,1906.58,11
POL101081,PA,2024-05-23,701.15,3
POL101082,PA,2025-05-05,799.88,2
POL101083,FL,2025-03-01,1358.92,4
POL101084,FL,2024-09-28,1799.35,3
POL101085,NJ,2024-03-15,1054.04,6
POL101086,FL,2024-07-21,1425.57,5
POL101087,FL,2024-01-24,956.51,13
POL101088,NY,2024-08-18,885.16,3
POL101089,FL,2024-11-21,1088.37,1
POL101090,PA,2025-03-13,612.25,0
POL101091,NY,2024-08-27,1032.71,7
POL101092,NJ,2024-01-16,1015.54,1
POL101093,FL,2024-02-21,898.21,2
POL101094,FL,2024-09-21,1384.34,2
POL101095,FL,2025-04-21,601.98,10
POL101096,NY,2025-01-15,2299.54,4
POL101097,PA,2024-05-27,823.52,4
POL101098,FL,2024-10-04,1130.67,5
POL101099,NJ,2025-03-28,1194.55,1
POL101100,CT,2024-08-15,759.33,8
POL101101,NJ,2024-05-06,750.74,0
POL101102,FL,2024-11-17,1304.26,11
POL101103,NY,2024-08-20,1236.11,8
POL101104,PA,2024-08-04,1527.68,3
POL101105,FL,2024-07-10,1035.94,15
POL101106,NY,2024-03-23,1223.27,9
POL101107,NY,2025-04-13,805.46,11
POL101108,PA,2024-11-12,892.32,0
POL101109,NY,2024-07-28,1139.02,11
POL101110,PA,2024-05-26,943.67,3
POL101111,NY,2024-04-13,1019.5,14
POL101112,NJ,2025-03-16,1946.48,1
POL101113,NY,2024-09-29,820.63,5
POL101114,NY,2025-01-06,1120.04,1
POL101115,NY,2025-01-18,763.26,7
POL101116,NJ,2024-02-27,1382.62,11
POL101117,FL,2024-12-25,1736.18,12
POL101118,NJ,2024-12-10,1103.88,3
POL101119,PA,2024-07-31,1321.27,1
POL101120,NJ,2025-04-25,1544.83,14
POL101121,NY,2024-09-27,674.7,5
POL101122,NJ,2024-09-28,1517.62,12
POL101123,PA,2024-02-21,1211.48,1
POL101124,NY,2024-12-25,2035.1,10
POL101125,PA,2025-01-26,1351.47,0
POL101126,FL,2025-01-21,841.6,0
POL101127,FL,2024-06-27,989.65,9
POL101128,PA,2024-04-15,1423.76,15
POL101129,NY,2024-08-14,898.81,5
POL101130,NY,2024-07-24,816.65,12
POL101131,FL,2024-05-14,1647.07,9
POL101132,NJ,2024-09-21,1657.35,0
POL101133,PA,2025-01-12,1328.25,11
POL101134,NY,2025-01-18,1385.53,7
POL101135,NJ,2024-04-11,1314.79,1
POL101136,NY,2024-04-11,742.11,13
POL101137,PA,2025-04-04,1275.15,5
POL101138,NY,2025-06-07,940.92,15
POL101139,FL,2025-02-18,1521.48,11
POL101140,CT,2025-01-11,977.83,4
POL101141,PA,2024-08-17,1221.32,8
POL101142,PA,2025-02-14,925.65,1
POL101143,NY,2024-04-02,1560.24,1
POL101144,NJ,2025-01-04,924.36,0
POL101145,NY,2024-05-03,1369.72,1
POL101146,FL,2024-09-25,1484.9,11
POL101147,NJ,2024-07-17,706.75,11
POL101148,NY,2024-02-13,1034.16,15
POL101149,FL,2024-06-29,1577.43,11
POL101150,CT,2024-10-17,1843.66,2
POL101151,PA,2024-06-24,1185.69,0
POL101152,FL,2025-05-19,953.9,10
POL101153,NY,2024-01-19,2270.68,3
POL101154,NJ,2024-10-22,4725.36,13
POL101155,NY,2024-05-15,1355.54,10
POL101156,FL,2024-11-22,979.97,5
POL101157,PA,2024-12-24,1410.94,10
POL101158,NY,2025-05-21,1529.88,12
POL101159,NJ,2025-05-19,602.18,2
POL101160,NY,2024-08-06,1271.0,10
POL101161,PA,2024-01-22,731.73,4
POL101162,PA,2025-03-24,447.82,1
POL101163,PA,2025-03-16,835.11,5
POL101164,NY,2024-07-03,1154.57,9
POL101165,PA,2024-11-29,1438.48,5
POL101166,NJ,2024-02-20,848.09,8
POL101167,PA,2025-03-03,2729.69,10
POL101168,PA,2024-07-22,1094.72,1
POL101169,NY,2025-01-14,843.24,1
POL101170,NY,2025-03-20,831.31,12
POL101171,PA,2024-09-30,1298.33,5
POL101172,NY,2025-06-03,1203.51,4
POL101173,CT,2024-12-18,704.58,6
POL101174,NY,2024-01-12,1948.34,12
POL101175,NY,2024-03-01,1307.29,8
POL101176,FL,2024-10-20,1031.02,15
POL101177,FL,2024-07-08,1292.84,4
POL101178,FL,2024-02-07,1016.05,5
POL101179,PA,2025-03-26,1148.29,13
POL101180,NJ,2024-11-21,645.2,7
POL101181,NJ,2024-05-22,1105.07,8
POL101182,PA,2024-09-01,876.17,9
POL101183,PA,2024-09-17,1742.18,3
POL101184,CT,2024-11-27,929.17,2
POL101185,NY,2025-04-21,772.27,5
POL101186,FL,2024-09-19,882.07,15
POL101187,FL,2025-02-15,824.69,9
POL101188,NY,2024-07-07,599.58,15
POL101189,NJ,2024-04-08,1134.4,15
POL101190,NJ,2025-06-30,971.84,13
POL101191,FL,2024-05-27,985.82,6
POL101192,NY,2024-12-04,681.25,2
POL101193,NJ,2024-12-12,754.96,4
POL101194,FL,2025-06-12,780.63,0
POL101195,NJ,2025-06-11,1298.65,9
POL101196,NY,2024-04-18,3004.57,1
POL101197,NY,2024-09-10,1212.78,6
POL101198,PA,2024-09-18,1794.43,1
POL101199,NJ,2024-02-18,748.67,6
POL101200,PA,2024-06-10,1903.97,8
POL101201,CT,2024-09-23,1993.7,11
POL101202,NJ,2024-05-26,877.12,15
POL101203,PA,2024-10-13,1071.77,4
POL101204,NJ,2024-04-11,915.08,3
POL101205,NY,2025-01-17,1028.23,2
POL101206,NJ,2024-11-20,1238.26,8
POL101207,PA,2025-01-20,758.21,5
POL101208,NY,2025-06-03,640.5,6
POL101209,PA,2024-04-02,720.12,14
POL101210,FL,2024-05-02,821.0,5
POL101211,NJ,2024-12-21,1504.22,15
POL101212,NY,2024-04-02,699.01,5
POL101213,NY,2024-08-13,1251.17,2
POL101214,NY,2024-02-22,879.88,13
POL101215,PA,2024-12-26,1372.73,0
POL101216,FL,2025-03-02,1178.94,4
POL101217,NY,2024-09-19,1229.26,0
POL101218,NJ,2024-02-16,1720.61,7
POL101219,FL,2024-06-24,1742.21,13
POL101220,NY,2024-04-16,684.81,12
POL101221,PA,2024-11-20,974.76,2
POL101222,NY,2025-06-25,778.28,12
POL101223,NY,2024-11-17,830.78,2
POL101224,NY,2024-08-07,1217.91,3
POL101225,NJ,2024-10-09,1127.38,1
POL101226,FL,2024-05-17,1210.2,0
POL101227,PA,2024-10-31,777.62,6
POL101228,CT,2024-08-27,1154.39,14
POL101229,PA,2024-04-20,1080.32,14
POL101230,PA,2024-05-31,670.0,13
POL101231,NY,2024-02-12,1014.3,8
POL101232,NY,2024-09-27,2031.01,10
POL101233,NJ,2024-11-17,1036.72,0
POL101234,NY,2025-02-06,801.93,5
POL101235,NY,2024-03-30,1244.31,12
POL101236,NJ,2025-02-15,1453.47,5
POL101237,PA,2024-10-04,723.81,9
POL101238,NJ,2024-10-15,816.09,14
POL101239,NY,2024-12-07,693.62,8
POL101240,NY,2025-02-14,728.25,13
POL101241,FL,2025-05-15,799.59,6
POL101242,FL,2024-07-17,770.09,15
POL101243,NY,2025-03-01,1265.67,2
POL101244,PA,2024-07-25,913.33,12
POL101245,NY,2024-06-27,1495.77,2
POL101246,NY,2024-02-29,2500.82,2
POL101247,NJ,2024-09-13,664.85,6
POL101248,PA,2024-12-15,1032.59,4
POL101249,NY,2025-01-21,1470.72,4
POL101250,NY,2024-05-20,1104.26,15
POL101251,CT,2024-12-25,1436.71,7
POL101252,FL,2024-02-22,1488.19,7
POL101253,NY,2025-04-30,2098.74,11
POL101254,PA,2024-05-18,789.66,15
POL101255,NY,2024-08-30,1426.46,5
POL101256,NY,2024-07-19,1528.78,1
POL101257,FL,2024-07-28,2115.88,11
POL101258,PA,2024-05-23,842.92,0
POL101259,PA,2024-02-16,974.52,15
POL101260,PA,2025-03-25,713.72,10
POL101261,FL,2024-10-23,1189.1,15
POL101262,NJ,2025-05-17,894.19,4
POL101263,CT,2024-03-14,918.27,13
POL101264,NJ,2025-06-17,1182.78,8
POL101265,FL,2025-06-25,833.86,1
POL101266,NJ,2025-03-28,1388.01,12
POL101267,NY,2025-03-17,1792.25,8
POL101268,NY,2024-09-30,741.15,1
POL101269,PA,2024-12-08,784.73,8
POL101270,FL,2024-01-15,1334.25,5
POL101271,NY,2024-05-10,1828.41,8
POL101272,FL,2024-09-28,1237.83,11
POL101273,PA,2024-12-18,1115.69,14
POL101274,CT,2024-11-27,1337.69,7
POL101275,NJ,2025-02-09,1627.34,10
POL101276,NY,2024-10-01,1146.04,13
POL101277,PA,2024-02-02,914.8,10
POL101278,NY,2025-06-24,651.5,14
POL101279,NY,2024-09-25,1602.03,2
POL101280,NY,2025-04-26,1416.33,10
POL101281,CT,2024-01-26,2076.38,14
POL101282,FL,2024-09-23,1179.85,15
POL101283,CT,2024-05-29,1573.53,15
POL101284,FL,2025-02-21,602.99,15
POL101285,FL,2025-02-26,865.73,4
POL101286,FL,2025-04-14,3541.26,3
POL101287,NY,2024-09-28,1294.31,3
POL101288,PA,2024-11-18,769.04,1
POL101289,NJ,2024-07-01,1184.09,3
POL101290,CT,2024-09-21,940.52,11
POL101291,CT,2024-03-30,928.05,3
POL101292,NJ,2024-09-23,1007.59,3
POL101293,NY,2024-07-18,1091.66,2
POL101294,FL,2024-02-21,1017.58,15
POL101295,CT,2025-01-31,931.92,13
POL101296,PA,2024-02-28,999.34,12
POL101297,CT,2024-12-05,1572.71,2
POL101298,CT,2024-07-28,1259.82,2
POL101299,NY,2024-02-22,1598.73,13
POL101300,PA,2024-09-12,646.12,2
POL101301,PA,2024-04-25,1260.5,0
POL101302,FL,2024-11-01,1176.1,14
POL101303,FL,2024-09-18,852.66,1
POL101304,NJ,2024-11-20,679.89,13
POL101305,NY,2024-10-10,703.79,13
POL101306,NJ,2024-06-25,972.97,13
POL101307,PA,2025-06-24,896.13,3
POL101308,NY,2024-10-29,2159.77,15
POL101309,NY,2024-10-16,1213.77,12
POL101310,PA,2024-09-22,1205.92,4
POL101311,PA,2024-10-18,947.98,13
POL101312,NY,2024-03-20,606.42,3
POL101313,PA,2024-01-22,2399.51,3
POL101314,PA,2024-11-24,853.65,12
POL101315,CT,2024-05-23,704.78,10
POL101316,FL,2025-03-04,877.2,13
POL101317,PA,2025-06-27,2109.79,9
POL101318,NJ,2024-06-12,1743.82,7
POL101319,NJ,2024-06-27,1673.93,8
POL101320,PA,2024-10-19,1346.42,11
POL101321,NJ,2024-05-19,1413.6,10
POL101322,NJ,2024-01-17,1002.47,1
POL101323,PA,2024-09-29,920.98,15
POL101324,PA,2025-06-22,1321.27,0
POL101325,NY,2024-03-13,1192.47,12
POL101326,PA,2025-06-12,691.38,9
POL101327,PA,2024-08-30,852.39,11
POL101328,NY,2024-05-19,897.81,7
POL101329,PA,2024-05-27,948.57,4
POL101330,NJ,2024-08-18,606.7,12
POL101331,NY,2024-10-11,1311.54,14
POL101332,NY,2024-09-29,1512.59,14
POL101333,CT,2024-11-30,751.23,15
POL101334,PA,2025-04-26,1584.4,13
POL101335,NY,2024-04-15,1197.28,10
POL101336,NJ,2024-06-04,642.38,13
POL101337,FL,2024-08-07,1033.24,7
POL101338,CT,2025-01-06,1626.78,9
POL101339,NJ,2024-02-08,1099.56,11
POL101340,NY,2025-05-27,768.73,8
POL101341,NJ,2024-03-18,826.96,9
POL101342,NJ,2024-02-15,1768.64,4
POL101343,FL,2024-06-19,1142.22,14
POL101344,NJ,2024-12-26,1195.59,0
POL101345,FL,2024-09-05,1408.47,0
POL101346,NY,2025-01-28,602.6,10
POL101347,FL,2024-09-15,2404.8,7
POL101348,NY,2024-09-13,673.94,4
POL101349,NJ,2024-12-17,1340.37,9
POL101350,NY,2024-11-07,663.82,14
POL101351,FL,2024-03-12,1157.61,9
POL101352,CT,2024-07-14,603.79,10
POL101353,FL,2025-01-01,710.56,4
POL101354,CT,2025-04-03,611.39,1
POL101355,NJ,2025-02-24,1449.66,10
POL101356,PA,2024-10-19,1100.91,7
POL101357,NJ,2024-08-07,1135.66,7
POL101358,NY,2025-06-14,873.38,10
POL101359,PA,2025-06-03,1156.74,6
POL101360,NY,2024-07-25,801.31,13
POL101361,NJ,2025-01-24,1188.95,8
POL101362,NY,2024-04-11,1585.91,2
POL101363,FL,2024-03-27,1345.58,7
POL101364,NY,2025-04-06,951.59,10
POL101365,PA,2024-11-24,630.1,7
POL101366,FL,2024-03-30,1585.41,15
POL101367,NJ,2025-03-29,735.65,15
POL101368,FL,2024-04-20,875.53,9
POL101369,NY,2024-09-16,494.87,13
POL101370,NJ,2024-12-19,1655.14,6
POL101371,CT,2024-04-15,949.89,8
POL101372,PA,2025-06-14,2181.29,8
POL101373,FL,2025-06-26,1700.12,9
POL101374,PA,2025-03-17,1159.41,3
POL101375,PA,2025-01-06,1048.36,3
POL101376,CT,2024-12-25,911.28,11
POL101377,NY,2024-06-28,778.6,1
POL101378,PA,2024-06-13,908.67,4
POL101379,NY,2024-04-15,1070.06,3
POL101380,NY,2025-02-11,1089.22,12
POL101381,FL,2024-05-06,2019.65,8
POL101382,PA,2024-08-30,869.23,7
POL101383,FL,2024-05-18,798.25,1
POL101384,CT,2025-02-19,1057.31,12
POL101385,CT,2024-09-07,910.29,10
POL101386,CT,2024-07-25,1083.62,6
POL101387,CT,2024-07-27,1385.41,6
POL101388,NY,2025-03-13,1229.61,4
POL101389,NY,2025-03-22,1211.38,12
POL101390,NY,2024-06-17,1397.46,14
POL101391,NJ,2024-08-26,1603.47,14
POL101392,NY,2025-04-28,1587.84,13
POL101393,FL,2024-03-03,1123.17,7
POL101394,NJ,2024-06-23,1458.16,3
POL101395,NY,2024-12-30,1991.65,15
POL101396,NY,2024-07-08,1263.71,7
POL101397,FL,2024-08-20,993.21,12
POL101398,PA,2024-05-14,1269.37,3
POL101399,NY,2025-01-07,636.73,2
POL101400,CT,2025-04-16,834.35,11
POL101401,FL,2025-05-01,1013.93,10
POL101402,NY,2024-09-03,1175.02,10
POL101403,NY,2024-12-16,1312.56,7
POL101404,NY,2024-06-01,1558.27,2
POL101405,NY,2024-07-08,996.39,2
POL101406,FL,2024-11-26,1751.24,11
POL101407,NJ,2024-02-16,1929.81,10
POL101408,NY,2024-11-27,2066.18,8
POL101409,NJ,2025-01-06,1504.51,8
POL101410,FL,2024-06-16,819.42,9
POL101411,NJ,2025-04-16,1084.19,2
POL101412,PA,2024-10-02,780.47,12
POL101413,NY,2024-01-04,737.04,10
POL101414,NJ,2024-09-06,995.48,8
POL101415,NY,2024-01-20,784.09,10
POL101416,FL,2025-03-26,673.94,5
POL101417,PA,2025-01-24,1059.8,1
POL101418,NY,2025-01-09,1232.99,3
POL101419,FL,2025-02-18,950.26,0
POL101420,NY,2024-05-23,658.72,4
POL101421,NJ,2025-02-08,637.22,10
POL101422,PA,2024-06-21,1870.4,3
POL101423,NJ,2024-11-22,1143.96,5
POL101424,NJ,2024-11-09,1619.54,12
POL101425,PA,2025-04-12,820.65,3
POL101426,PA,2024-11-10,1510.23,14
POL101427,PA,2024-12-26,1895.02,5
POL101428,NY,2024-12-09,1552.18,13
POL101429,PA,2024-08-16,934.02,11
POL101430,PA,2024-08-16,1419.28,1
POL101431,PA,2024-01-03,751.91,0
POL101432,FL,2024-07-31,919.84,6
POL101433,NJ,2024-05-22,882.15,12
POL101434,PA,2024-10-15,1944.01,10
POL101435,PA,2025-03-09,887.39,5
POL101436,CT,2025-05-10,1021.29,15
POL101437,NY,2024-11-11,963.34,4
POL101438,NY,2024-08-08,1090.39,14
POL101439,NJ,2025-02-16,939.94,6
POL101440,FL,2025-04-08,1286.95,8
POL101441,NJ,2024-01-28,1869.33,9
POL101442,PA,2024-01-05,1391.9,7
POL101443,NJ,2025-06-30,1223.09,2
POL101444,NJ,2024-01-31,935.16,9
POL101445,NY,2025-06-06,1665.39,14
POL101446,NY,2024-08-06,1092.4,13
POL101447,NY,2024-10-15,753.21,6
POL101448,NJ,2024-02-04,689.56,5
POL101449,NY,2024-08-06,677.88,6
POL101450,NJ,2025-05-08,961.86,7
POL101451,PA,2024-10-12,762.35,4
POL101452,NY,2024-04-04,931.48,15
POL101453,NJ,2024-11-22,924.33,14
POL101454,FL,2024-08-27,1564.16,0
POL101455,NY,2024-07-14,1416.22,14
POL101456,PA,2024-09-10,767.71,6
POL101457,CT,2024-04-14,847.44,13
POL101458,PA,2024-07-15,1005.39,4
POL101459,NJ,2025-01-25,1961.7,7
POL101460,NJ,2025-05-11,1226.42,1
POL101461,PA,2024-10-22,932.64,9
POL101462,NY,2024-03-22,632.69,2
POL101463,CT,2024-08-10,945.99,4
POL101464,FL,2024-06-20,1316.29,6
POL101465,PA,2024-10-05,1117.79,13
POL101466,FL,2024-11-09,773.39,14
POL101467,PA,2024-07-20,1007.5,8
POL101468,NJ,2025-06-25,1136.69,2
POL101469,NY,2025-05-12,1293.22,0
POL101470,NY,2025-06-11,1492.4,2
POL101471,NY,2024-10-15,955.2,0
POL101472,CT,2025-06-12,1252.81,1
POL101473,CT,2025-04-23,1613.7,14
POL101474,NY,2024-10-30,1088.41,10
POL101475,CT,2024-03-20,1127.41,12
POL101476,NJ,2024-01-30,1742.6,5
POL101477,NJ,2024-11-16,1064.83,7
POL101478,NY,2024-03-16,1102.36,11
POL101479,NY,2024-01-31,896.42,3
POL101480,NY,2024-09-09,1688.3,3
POL101481,CT,2025-02-26,2246.94,6
POL101482,NJ,2024-04-15,656.29,9
POL101483,PA,2025-02-10,1015.2,4
POL101484,NY,2024-05-07,1504.17,2
POL101485,NJ,2025-02-10,1436.29,4
POL101486,FL,2024-10-31,1433.02,7
POL101487,NY,2024-04-21,1268.92,7
POL101488,NY,2024-12-13,1701.71,9
POL101489,FL,2024-10-16,441.12,7
POL101490,PA,2024-06-15,2130.01,4
POL101491,FL,2024-04-28,445.18,13
POL101492,FL,2025-06-08,1658.88,6
POL101493,NY,2024-05-04,682.1,9
POL101494,NY,2024-02-02,1211.7,12
POL101495,NJ,2024-10-09,984.9,4
POL101496,PA,2024-10-23,997.91,3
POL101497,CT,2025-02-27,1124.85,0
POL101498,PA,2024-07-04,847.74,13
POL101499,PA,2025-05-02,1101.88,6
POL101500,NY,2024-11-18,716.87,7
POL101501,PA,2024-07-09,1559.28,5
POL101502,NJ,2024-08-04,1186.56,11
POL101503,FL,2025-02-26,1527.11,9
POL101504,PA,2024-05-13,1060.67,10
POL101505,NY,2025-04-15,1418.55,4
POL101506,FL,2025-03-31,679.34,7
POL101507,CT,2025-05-26,1137.64,11
POL101508,NJ,2024-05-18,1690.1,15
POL101509,CT,2024-08-13,833.69,10
POL101510,PA,2024-02-14,819.83,0
POL101511,NY,2025-03-07,949.49,2
POL101512,PA,2024-08-06,663.88,13
POL101513,NJ,2025-02-04,653.22,10
POL101514,CT,2025-06-08,1050.53,9
POL101515,NY,2024-12-30,995.75,2
POL101516,NJ,2025-06-17,1416.54,14
POL101517,CT,2025-03-29,1721.39,11
POL101518,PA,2024-07-18,1232.42,2
POL101519,NJ,2024-07-04,1402.02,2
POL101520,NJ,2024-04-16,948.47,2
POL101521,NJ,2025-05-26,932.86,6
POL101522,NY,2024-11-01,905.42,2
POL101523,NJ,2025-03-08,1695.01,7
POL101524,NY,2024-01-27,1037.39,7
POL101525,FL,2025-02-21,1946.94,12
POL101526,FL,2024-12-30,561.71,6
POL101527,CT,2024-04-28,1089.1,15
POL101528,PA,2024-08-10,643.41,11
POL101529,NY,2024-01-30,994.6,3
POL101530,FL,2024-06-25,711.34,15
POL101531,FL,2024-04-14,1671.4,0
POL101532,NY,2024-11-30,1116.02,14
POL101533,NY,2024-09-19,1118.09,5
POL101534,PA,2024-02-13,1240.95,0
POL101535,NJ,2025-05-28,709.75,9
POL101536,NY,2024-07-02,608.32,5
POL101537,PA,2024-05-07,1236.55,3
POL101538,FL,2024-06-15,1079.27,3
POL101539,PA,2024-12-23,1403.38,9
POL101540,NJ,2025-03-11,880.78,2
POL101541,FL,2024-04-25,1293.29,12
POL101542,FL,2025-05-13,972.48,13
POL101543,FL,2024-06-27,595.27,4
POL101544,NY,2024-01-14,1154.02,0
POL101545,NY,2024-07-18,745.05,1
POL101546,NJ,2024-01-17,881.28,10
POL101547,FL,2025-01-11,1351.29,7
POL101548,CT,2024-05-17,1010.46,9
POL101549,NY,2024-10-22,883.05,1
POL101550,PA,2024-07-08,1558.52,0
POL101551,PA,2024-05-25,896.1,10
POL101552,NY,2025-05-08,1144.35,8
POL101553,FL,2025-02-07,711.25,11
POL101554,FL,2024-12-06,1294.58,12
POL101555,CT,2024-10-23,666.98,7
POL101556,PA,2024-09-05,930.4,6
POL101557,NJ,2024-04-27,884.87,7
POL101558,PA,2024-11-21,1022.94,6
POL101559,NY,2024-09-27,564.6,5
POL101560,FL,2024-04-25,960.43,10
POL101561,NY,2024-11-12,1069.76,5
POL101562,NJ,2025-01-15,1062.96,8
POL101563,CT,2024-02-23,889.1,9
POL101564,NY,2024-08-21,1481.46,6
POL101565,PA,2025-02-07,1081.0,15
POL101566,PA,2024-01-22,997.53,10
POL101567,CT,2024-11-09,1193.75,8
POL101568,PA,2024-01-29,1296.57,5
POL101569,NJ,2024-07-20,1050.93,0
POL101570,PA,2025-02-10,1981.83,11
POL101571,NY,2025-01-28,1996.12,9
POL101572,PA,2025-02-24,1089.86,14
POL101573,FL,2024-05-13,746.77,8
POL101574,CT,2024-04-02,805.87,10
POL101575,FL,2024-10-25,1257.52,6
POL101576,CT,2024-07-15,1513.29,0
POL101577,NJ,2025-03-23,1750.03,0
POL101578,NY,2025-03-17,774.1,14
POL101579,NY,2024-07-10,1564.98,9
POL101580,NY,2024-11-19,2056.18,9
POL101581,CT,2024-06-18,615.16,15
POL101582,PA,2024-04-25,585.66,2
POL101583,NY,2025-06-13,730.46,12
POL101584,CT,2025-06-01,531.03,12
POL101585,FL,2024-01-10,1305.95,5
POL101586,NY,2025-05-20,1393.71,8
POL101587,FL,2025-04-29,837.1,5
POL101588,NY,2025-05-16,1475.46,5
POL101589,FL,2024-07-01,1762.53,12
POL101590,FL,2025-04-14,1018.1,8
POL101591,CT,2025-05-16,852.37,14
POL101592,CT,2024-01-31,667.84,10
POL101593,PA,2024-05-12,1197.91,3
POL101594,NY,2024-12-24,1231.7,11
POL101595,NJ,2024-02-03,1347.92,6
POL101596,NY,2024-12-15,1913.46,0
POL101597,NY,2024-06-10,2116.53,12
POL101598,NY,2025-06-19,836.41,12
POL101599,CT,2024-11-17,979.72,14
POL101600,NY,2024-04-03,1197.71,8
POL101601,FL,2024-07-07,1274.77,15
POL101602,NJ,2024-01-04,1295.81,2
POL101603,NY,2024-03-02,985.53,6
POL101604,PA,2024-09-17,1096.21,9
POL101605,NY,2024-04-14,787.9,12
POL101606,PA,2025-05-19,478.03,7
POL101607,PA,2024-11-06,1181.21,9
POL101608,PA,2024-12-12,1467.64,8
POL101609,PA,2024-07-18,518.95,6
POL101610,PA,2024-12-26,803.86,12
POL101611,PA,2024-01-02,796.81,3
POL101612,NJ,2024-05-31,1277.55,10
POL101613,CT,2024-07-26,1157.02,8
POL101614,NJ,2024-05-11,810.01,15
POL101615,NY,2025-03-27,1021.19,12
POL101616,NY,2024-10-06,1699.65,14
POL101617,NY,2024-11-13,1296.97,15
POL101618,FL,2024-11-19,1212.85,10
POL101619,NY,2024-04-23,1259.07,14
POL101620,FL,2025-01-22,1700.13,5
POL101621,FL,2024-10-14,1622.49,2
POL101622,FL,2024-12-14,650.68,0
POL101623,NJ,2024-12-14,828.84,13
POL101624,NY,2024-11-08,1073.72,11
POL101625,FL,2024-04-30,1140.84,13
POL101626,PA,2024-03-31,861.98,12
POL101627,NJ,2025-04-30,1606.92,15
POL101628,NY,2024-05-24,823.73,15
POL101629,NY,2024-05-01,1479.64,12
POL101630,NY,2024-07-17,977.14,4
POL101631,PA,2025-05-19,607.07,7
POL101632,NY,2024-06-10,1214.23,15
POL101633,FL,2024-09-21,1474.05,1
POL101634,NJ,2024-07-27,1692.18,1
POL101635,CT,2024-02-01,1024.32,12
POL101636,NY,2025-04-28,981.27,15
POL101637,FL,2024-03-14,1268.59,2
POL101638,NY,2025-02-04,1325.97,13
POL101639,FL,2024-01-07,707.43,11
POL101640,FL,2024-01-26,1018.55,1
POL101641,NY,2025-04-24,905.24,6
POL101642,NY,2025-06-26,929.4,8
POL101643,NJ,2024-04-10,1044.81,15
POL101644,CT,2024-04-21,743.11,10
POL101645,NY,2024-12-14,2010.32,1
POL101646,NY,2024-12-14,1252.3,15
POL101647,PA,2024-03-14,1390.08,10
POL101648,FL,2024-11-09,796.28,1
POL101649,PA,2025-05-04,1648.4,5
POL101650,NJ,2024-07-29,1491.4,7
POL101651,PA,2025-05-28,1544.86,4
POL101652,NY,2024-04-26,1067.67,2
POL101653,NJ,2025-06-04,724.44,13
POL101654,PA,2024-02-07,1708.13,12
POL101655,NY,2024-02-28,893.88,4
POL101656,PA,2024-07-26,1429.29,1
POL101657,NY,2024-04-02,881.01,7
POL101658,CT,2024-07-04,1308.4,11
POL101659,CT,2024-02-24,859.24,3
POL101660,CT,2024-11-16,739.04,3
POL101661,NJ,2024-01-07,761.97,10
POL101662,NJ,2024-08-15,939.95,10
POL101663,CT,2024-07-30,763.74,1
POL101664,PA,2024-07-07,1147.92,5
POL101665,PA,2024-03-25,1334.42,3
POL101666,PA,2024-05-20,1091.22,15
POL101667,NJ,2025-05-23,1452.78,12
POL101668,FL,2024-09-14,1303.46,6
POL101669,NJ,2024-02-06,1068.91,5
POL101670,PA,2024-06-15,780.94,15
POL101671,NY,2024-04-23,1340.25,14
POL101672,NY,2024-01-24,814.48,15
POL101673,PA,2025-01-11,933.66,3
POL101674,NY,2025-06-28,1182.23,2
POL101675,CT,2024-08-02,920.57,9
POL101676,CT,2024-01-21,1109.2,9
POL101677,NY,2025-06-25,1219.36,15
POL101678,FL,2024-10-19,873.4,9
POL101679,FL,2024-09-03,1644.37,5
POL101680,NY,2024-10-18,1588.01,2
POL101681,FL,2024-03-27,1209.34,13
POL101682,FL,2024-05-21,587.66,2
POL101683,CT,2025-01-19,1251.29,5
POL101684,NY,2024-09-15,778.46,2
POL101685,NY,2024-12-13,1295.42,9
POL101686,CT,2025-02-20,961.57,15
POL101687,CT,2024-12-11,1120.06,9
POL101688,NY,2025-04-17,945.98,4
POL101689,FL,2024-02-09,1129.19,2
POL101690,NJ,2024-12-22,906.05,8
POL101691,NY,2024-11-18,2095.11,8
POL101692,NJ,2025-02-06,947.63,11
POL101693,NY,2024-10-30,748.79,6
POL101694,FL,2024-01-07,822.84,5
POL101695,PA,2024-04-20,1176.43,13
POL101696,NJ,2024-03-20,1054.95,10
POL101697,NJ,2024-12-30,1293.88,1
POL101698,CT,2024-01-06,1371.63,10
POL101699,NY,2025-06-20,1384.12,5
POL101700,FL,2024-08-30,1307.33,2
POL101701,PA,2024-01-07,974.83,11
POL101702,NY,2024-12-24,1298.78,8
POL101703,NY,2024-09-25,1164.44,0
POL101704,NJ,2025-01-12,1239.52,14
POL101705,FL,2024-03-19,503.29,13
POL101706,NY,2024-07-16,1074.59,8
POL101707,FL,2024-12-04,659.8,0
POL101708,PA,2025-05-12,451.44,11
POL101709,NJ,2024-10-24,1527.73,14
POL101710,FL,2024-05-02,1061.37,2
POL101711,PA,2024-02-19,694.3,14
POL101712,FL,2024-04-12,1204.59,12
POL101713,PA,2024-04-10,1152.68,9
POL101714,NY,2024-07-03,956.36,2
POL101715,FL,2024-03-24,1074.48,6
POL101716,NY,2024-04-18,950.0,14
POL101717,CT,2024-04-17,1086.59,7
POL101718,NJ,2024-02-14,737.16,13
POL101719,NY,2024-10-19,1351.92,8
POL101720,PA,2024-11-11,1068.46,1
POL101721,NJ,2024-01-09,834.81,5
POL101722,FL,2024-10-16,1482.09,12
POL101723,NY,2025-05-11,1074.16,13
POL101724,FL,2024-02-11,1002.03,13
POL101725,CT,2025-01-13,716.26,1
POL101726,PA,2025-05-25,1369.65,3
POL101727,FL,2024-02-19,1377.93,14
POL101728,FL,2024-09-16,692.43,15
POL101729,FL,2025-03-25,920.62,2
POL101730,FL,2024-12-16,982.25,9
POL101731,NJ,2025-04-22,876.41,8
POL101732,NY,2025-03-09,1418.24,14
POL101733,NY,2025-06-07,1569.5,15
POL101734,NY,2024-09-20,890.82,15
POL101735,NY,2024-08-25,2238.82,0
POL101736,NY,2024-07-20,1381.89,12
POL101737,NY,2025-04-22,1426.17,2
POL101738,NJ,2024-06-11,668.54,7
POL101739,NY,2025-01-24,992.3,10
POL101740,NJ,2024-10-28,977.47,13
POL101741,NJ,2024-11-16,784.53,12
POL101742,CT,2024-10-31,911.81,10
POL101743,NY,2024-06-20,1504.9,14
POL101744,NJ,2024-06-08,1221.99,13
POL101745,NY,2024-01-30,1268.46,8
POL101746,NY,2024-01-08,989.47,4
POL101747,CT,2025-03-26,995.57,9
POL101748,CT,2025-04-18,1379.46,7
POL101749,NJ,2024-12-20,698.14,8
POL101750,NY,2024-03-09,1303.07,1
POL101751,NY,2025-03-07,603.76,0
POL101752,NJ,2024-01-29,1709.58,2
POL101753,PA,2024-12-31,1374.9,11
POL101754,NJ,2024-12-31,1864.08,14
POL101755,NY,2024-05-20,1010.12,12
POL101756,NY,2024-03-29,1113.84,6
POL101757,PA,2024-01-01,934.52,6
POL101758,NY,2024-10-23,1454.67,8
POL101759,NY,2024-06-16,2227.92,5
POL101760,NJ,2025-04-10,1074.93,6
POL101761,CT,2024-04-18,1187.82,10
POL101762,PA,2025-02-09,773.58,3
POL101763,NY,2025-03-18,988.24,2
POL101764,PA,2024-04-27,1084.64,3
POL101765,FL,2024-10-29,784.96,1
POL101766,NY,2024-05-31,1226.5,15
POL101767,CT,2025-03-16,1845.51,1
POL101768,NJ,2024-02-06,1020.45,8
POL101769,NY,2024-02-17,1496.86,4
POL101770,NY,2024-07-29,635.69,1
POL101771,PA,2025-03-28,810.23,14
POL101772,FL,2024-12-25,1206.1,4
POL101773,CT,2024-08-22,1025.52,13
POL101774,NJ,2025-02-21,1166.18,13
POL101775,CT,2024-12-07,1088.02,10
POL101776,NY,2025-02-08,776.85,3
POL101777,NY,2024-11-06,2511.36,10
POL101778,FL,2024-11-10,826.34,2
POL101779,PA,2024-04-11,1490.12,6
POL101780,PA,2024-10-31,1624.34,12
POL101781,NY,2024-11-01,1309.69,5
POL101782,NY,2025-06-24,2778.49,13
POL101783,NY,2025-01-08,1620.84,1
POL101784,PA,2024-04-14,963.49,1
POL101785,FL,2024-03-12,1675.24,2
POL101786,CT,2024-11-20,1350.62,13
POL101787,CT,2025-03-15,1415.58,7
POL101788,PA,2025-05-11,1381.56,0
POL101789,NJ,2024-11-05,1488.94,7
POL101790,FL,2024-01-11,1292.37,10
POL101791,PA,2025-03-11,1124.35,4
POL101792,PA,2024-07-30,1341.35,10
POL101793,NJ,2024-07-30,897.84,8
POL101794,PA,2025-04-30,2425.72,9
POL101795,FL,2024-11-08,547.36,2
POL101796,NY,2024-06-17,1616.81,11
POL101797,NY,2024-02-21,1158.16,9
POL101798,NY,2024-12-09,843.04,5
POL101799,PA,2024-01-19,925.37,2
POL101800,NY,2024-08-16,1272.12,12
POL101801,NY,2025-03-21,711.49,3
POL101802,NY,2024-11-23,1189.82,6
POL101803,FL,2024-06-24,821.02,13
POL101804,NJ,2024-05-30,1467.7,3
POL101805,NJ,2024-09-06,1851.95,14
POL101806,NJ,2025-03-23,1379.71,9
POL101807,FL,2024-06-02,1387.45,12
POL101808,NJ,2024-10-26,1556.07,2
POL101809,NY,2024-09-30,1184.94,3
POL101810,NJ,2025-04-10,736.43,15
POL101811,FL,2024-11-19,966.58,2
POL101812,PA,2025-05-24,918.09,11
POL101813,NJ,2025-05-06,904.56,7
POL101814,PA,2024-05-08,1169.64,0
POL101815,NY,2024-04-12,555.95,9
POL101816,PA,2025-04-02,1863.56,6
POL101817,NY,2024-04-15,1132.58,2
POL101818,PA,2025-04-09,1101.95,4
POL101819,FL,2025-05-04,1592.78,13
POL101820,CT,2024-12-08,539.65,12
POL101821,NJ,2025-04-18,745.03,1
POL101822,FL,2025-01-22,1450.87,0
POL101823,NY,2024-11-24,1183.86,8
POL101824,NY,2025-04-01,1517.67,10
POL101825,PA,2025-04-01,991.38,15
POL101826,NY,2025-03-26,1521.64,1
POL101827,NY,2024-02-09,1452.1,14
POL101828,NY,2024-04-25,851.83,10
POL101829,NY,2024-10-31,1525.65,4
POL101830,PA,2024-11-08,746.52,8
POL101831,NY,2024-03-03,1548.96,2
POL101832,FL,2024-06-25,1502.63,3
POL101833,PA,2024-03-06,1394.34,9
POL101834,NY,2025-04-18,693.14,0
POL101835,CT,2024-05-26,1539.95,0
POL101836,NY,2024-04-25,884.08,6
POL101837,NY,2024-11-03,1301.9,5
POL101838,NY,2025-05-19,654.51,8
POL101839,FL,2025-02-08,1873.13,11
POL101840,CT,2024-09-01,1354.25,0
POL101841,NJ,2024-09-26,1085.12,3
POL101842,NY,2024-10-17,950.26,0
POL101843,NJ,2024-11-03,924.32,13
POL101844,NY,2024-05-12,784.82,15
POL101845,NY,2024-03-03,1716.48,1
POL101846,PA,2025-01-23,931.83,3
POL101847,PA,2025-04-28,1121.62,7
POL101848,PA,2024-06-01,1131.87,1
POL101849,NY,2025-01-04,1565.13,14
POL101850,FL,2025-04-06,1236.38,9
POL101851,PA,2024-02-11,1401.37,2
POL101852,CT,2024-01-04,629.92,4
POL101853,FL,2024-09-27,869.47,6
POL101854,NY,2024-11-11,1258.41,2
POL101855,NJ,2025-06-10,1410.15,3
POL101856,FL,2025-01-03,792.12,8
POL101857,NY,2024-04-23,1319.24,10
POL101858,PA,2025-06-23,691.16,5
POL101859,CT,2025-05-23,1447.84,9
POL101860,NJ,2025-04-20,849.03,7
POL101861,NJ,2024-02-19,950.72,1
POL101862,NY,2024-05-18,807.82,8
POL101863,FL,2024-10-19,678.77,1
POL101864,NY,2025-03-15,748.9,6
POL101865,FL,2024-10-03,859.1,2
POL101866,NJ,2024-11-05,1343.42,11
POL101867,CT,2024-03-06,1050.52,8
POL101868,CT,2024-02-04,798.23,6
POL101869,NJ,2024-06-18,1629.59,13
POL101870,FL,2024-01-24,825.04,6
POL101871,NY,2025-03-18,977.61,9
POL101872,PA,2024-02-17,1038.96,6
POL101873,NJ,2025-03-01,814.98,15
POL101874,PA,2024-11-23,1107.24,15
POL101875,PA,2025-03-26,1218.39,9
POL101876,NY,2025-06-10,682.84,11
POL101877,CT,2024-09-20,1093.82,14
POL101878,NY,2024-12-09,1273.25,1
POL101879,NY,2025-06-08,599.91,11
POL101880,FL,2024-01-14,2322.15,9
POL101881,NY,2024-11-22,2090.76,5
POL101882,CT,2024-05-08,1012.34,3
POL101883,FL,2025-04-25,1282.15,11
POL101884,PA,2024-08-18,1977.1,2
POL101885,NJ,2025-03-08,2067.22,1
POL101886,NJ,2024-10-21,1180.28,13
POL101887,NJ,2024-01-03,945.68,5
POL101888,FL,2024-10-31,869.16,5
POL101889,CT,2024-06-13,768.88,13
POL101890,PA,2024-06-14,797.83,10
POL101891,CT,2025-06-02,1291.59,1
POL101892,NJ,2024-11-10,837.24,15
POL101893,PA,2024-09-22,1430.33,4
POL101894,FL,2024-05-14,804.99,9
POL101895,CT,2025-01-11,1146.64,15
POL101896,NJ,2024-09-17,1691.47,5
POL101897,NJ,2024-07-31,1859.03,11
POL101898,NJ,2024-05-16,1090.76,3
POL101899,NJ,2024-03-25,1307.14,4
POL101900,NJ,2024-10-09,710.77,13
POL101901,PA,2024-05-31,1179.67,12
POL101902,FL,2024-01-06,959.3,12
POL101903,FL,2025-05-04,1532.58,0
POL101904,FL,2024-05-04,1287.52,1
POL101905,FL,2024-02-24,998.24,2
POL101906,NY,2025-05-30,1316.56,3
POL101907,PA,2025-05-06,633.93,10
POL101908,PA,2025-03-12,1553.87,5
POL101909,NJ,2025-03-08,1932.75,3
POL101910,PA,2025-04-23,827.98,11
POL101911,NY,2024-09-19,909.4,12
POL101912,PA,2025-03-06,889.62,14
POL101913,FL,2024-07-16,1005.71,9
POL101914,CT,2024-03-17,1302.04,13
POL101915,NY,2024-09-10,1019.07,3
POL101916,NY,2024-12-19,1631.17,13
POL101917,PA,2025-06-01,915.13,4
POL101918,FL,2024-04-23,1254.19,12
POL101919,CT,2025-03-19,1737.89,9
POL101920,NJ,2024-01-08,833.9,0
POL101921,CT,2024-11-13,722.53,10
POL101922,FL,2024-09-27,748.16,10
POL101923,NY,2024-01-30,974.44,1
POL101924,PA,2024-08-10,456.7,8
POL101925,FL,2025-02-09,1283.68,10
POL101926,NY,2025-06-14,846.23,2
POL101927,NJ,2024-12-13,1164.17,3
POL101928,NY,2024-01-27,901.14,2
POL101929,NJ,2025-03-11,665.73,12
POL101930,NY,2024-01-01,1774.33,0
POL101931,NY,2025-02-21,1557.64,10
POL101932,NY,2025-01-07,634.21,10
POL101933,NJ,2024-10-22,711.88,10
POL101934,FL,2025-04-13,979.55,15
POL101935,NY,2025-02-18,1379.59,3
POL101936,PA,2024-09-10,1752.12,13
POL101937,FL,2024-11-06,1101.65,15
POL101938,NY,2024-05-02,660.57,0
POL101939,FL,2025-04-04,1070.45,2
POL101940,NJ,2024-05-11,1082.0,15
POL101941,NY,2024-09-15,1589.36,6
POL101942,FL,2025-03-10,1499.07,7
POL101943,PA,2024-09-02,621.66,2
POL101944,NJ,2025-02-03,1195.56,12
POL101945,NJ,2024-10-07,1170.77,13
POL101946,NJ,2025-01-21,1800.22,9
POL101947,NJ,2024-06-15,1372.05,4
POL101948,CT,2024-04-04,983.23,11
POL101949,PA,2025-04-27,1258.85,5
POL101950,PA,2025-03-19,1010.55,7
POL101951,NJ,2024-12-29,1506.92,14
POL101952,NY,2024-08-13,1482.96,14
POL101953,NY,2024-11-12,763.95,3
POL101954,FL,2025-05-21,1478.47,2
POL101955,FL,2024-03-19,609.57,11
POL101956,NJ,2025-03-18,1356.45,8
POL101957,CT,2025-05-02,1413.35,4
POL101958,NJ,2025-01-25,1358.27,10
POL101959,FL,2025-06-14,1916.89,2
POL101960,NY,2025-06-25,791.89,13
POL101961,PA,2024-05-28,547.23,0
POL101962,NJ,2024-02-13,752.24,15
POL101963,PA,2025-02-05,1154.82,9
POL101964,PA,2024-04-21,587.0,5
POL101965,PA,2025-02-11,837.91,14
POL101966,NJ,2024-08-29,978.16,4
POL101967,PA,2024-07-24,644.08,4
POL101968,NY,2025-02-15,1072.22,7
POL101969,NY,2025-02-12,1847.47,2
POL101970,PA,2024-07-01,958.72,5
POL101971,FL,2024-10-25,1280.32,2
POL101972,FL,2024-11-17,1000.41,10
POL101973,NY,2024-04-20,1031.72,6
POL101974,FL,2024-10-16,1198.88,13
POL101975,PA,2024-04-24,909.3,2
POL101976,NY,2024-04-12,2373.54,12
POL101977,NJ,2024-08-16,1475.31,1
POL101978,FL,2024-07-03,1411.48,14
POL101979,NJ,2024-08-29,1730.02,4
POL101980,NJ,2024-04-01,681.7,4
POL101981,NJ,2024-01-01,621.64,13
POL101982,FL,2024-11-05,699.67,14
POL101983,PA,2025-04-05,1219.11,14
POL101984,FL,2024-09-16,873.8,10
POL101985,FL,2025-03-22,1429.31,3
POL101986,PA,2024-08-26,1265.18,10
POL101987,CT,2024-09-19,1324.72,12
POL101988,NY,2024-07-11,1269.87,11
POL101989,CT,2024-06-01,1159.64,12
POL101990,FL,2024-06-22,963.98,5
POL101991,PA,2024-07-27,1309.9,4
POL101992,NY,2024-03-27,1203.89,2
POL101993,NJ,2024-08-11,935.72,15
POL101994,NY,2024-05-13,1069.8,14
POL101995,NJ,2025-01-10,722.84,12
POL101996,FL,2025-04-21,941.85,3
POL101997,PA,2025-03-29,649.92,13
POL101998,PA,2024-08-28,1995.72,1
POL101999,NY,2024-03-17,794.4,10
POL102000,PA,2025-06-01,1135.2,4
POL102001,NY,2024-03-04,2047.01,8
POL102002,PA,2024-07-01,994.31,7
POL102003,PA,2024-12-19,1438.15,8
POL102004,FL,2024-05-14,881.79,1
POL102005,NJ,2024-04-28,1063.07,15
POL102006,NY,2025-02-15,1831.67,7
POL102007,NY,2024-10-05,803.23,11
POL102008,FL,2024-04-11,873.46,6
POL102009,FL,2024-08-21,1427.96,6
POL102010,CT,2025-02-20,677.73,2
POL102011,NJ,2024-11-02,912.18,11
POL102012,NY,2024-12-20,1015.64,10
POL102013,NJ,2024-01-21,1110.12,7
POL102014,CT,2024-07-30,730.78,8
POL102015,NJ,2025-06-23,1028.66,3
POL102016,NY,2024-01-07,884.53,11
POL102017,NJ,2025-05-10,874.79,3
POL102018,FL,2024-07-15,698.23,12
POL102019,NY,2024-01-30,1251.07,8
POL102020,NJ,2025-02-08,767.03,6
POL102021,NY,2024-07-24,1698.23,5
POL102022,CT,2024-06-26,1080.7,0
POL102023,NY,2025-05-05,1179.6,14
POL102024,FL,2024-12-29,1724.32,7
POL102025,NJ,2024-02-01,1010.02,11
POL102026,NJ,2024-10-21,965.02,15
POL102027,FL,2024-03-22,900.94,11
POL102028,CT,2025-06-07,1042.69,14
POL102029,NY,2024-08-21,1068.62,15
POL102030,FL,2025-04-20,1218.06,0
POL102031,NY,2024-04-06,710.88,11
POL102032,NJ,2024-03-28,981.96,3
POL102033,NY,2024-02-14,1633.98,10
POL102034,NJ,2024-05-04,1279.1,6
POL102035,NY,2024-03-16,714.19,10
POL102036,NY,2024-01-27,1220.37,5
POL102037,NJ,2024-05-31,1440.43,15
POL102038,NY,2025-05-07,880.22,11
POL102039,NY,2024-10-23,900.02,13
POL102040,PA,2024-08-03,1260.22,13
POL102041,CT,2025-06-27,869.29,0
POL102042,CT,2024-01-08,1062.94,7
POL102043,FL,2025-06-29,899.78,11
POL102044,FL,2025-04-21,1070.95,14
POL102045,NJ,2024-07-05,1213.02,11
POL102046,FL,2024-03-03,986.02,9
POL102047,FL,2025-02-10,526.05,2
POL102048,CT,2025-04-29,507.56,14
POL102049,PA,2025-04-03,1183.55,3
POL102050,NY,2024-09-12,1913.26,2
POL102051,NY,2024-05-03,879.48,0
POL102052,PA,2024-07-12,1034.71,5
POL102053,PA,2024-03-03,665.15,14
POL102054,FL,2025-04-04,1141.72,0
POL102055,NJ,2024-01-13,1322.59,7
POL102056,CT,2024-09-16,701.02,7
POL102057,NY,2024-02-01,1848.93,4
POL102058,PA,2024-10-24,1097.15,15
POL102059,NJ,2024-02-07,829.52,1
POL102060,FL,2024-05-26,919.2,7
POL102061,NY,2024-08-25,1529.65,4
POL102062,PA,2024-09-29,1595.77,15
POL102063,NY,2024-10-10,830.67,9
POL102064,NY,2024-07-13,587.97,0
POL102065,NY,2024-09-30,1424.37,9
POL102066,CT,2025-03-16,947.42,0
POL102067,PA,2024-10-11,938.62,3
POL102068,NJ,2024-08-27,929.6,14
POL102069,PA,2025-03-25,1337.94,11
POL102070,CT,2024-03-19,1486.07,7
POL102071,PA,2024-10-12,742.01,13
POL102072,FL,2025-05-30,1245.28,0
POL102073,CT,2024-01-20,1366.02,8
POL102074,NJ,2024-03-20,1897.61,12
POL102075,NY,2025-05-03,1641.86,15
POL102076,FL,2024-03-21,616.56,1
POL102077,NY,2024-12-03,598.18,6
POL102078,NY,2024-01-17,1026.84,11
POL102079,FL,2024-10-12,1611.62,8
POL102080,NY,2024-12-02,1172.49,13
POL102081,NJ,2025-06-05,939.74,3
POL102082,PA,2024-08-21,986.6,11
POL102083,NY,2024-04-04,1184.34,15
POL102084,FL,2025-02-12,1676.64,3
POL102085,NY,2024-09-03,1049.07,14
POL102086,NY,2025-01-30,1130.13,4
POL102087,FL,2025-04-27,1283.41,8
POL102088,NJ,2024-11-25,499.7,4
POL102089,NY,2025-01-13,566.54,1
POL102090,FL,2025-06-07,1345.72,5
POL102091,NY,2025-05-11,950.47,6
POL102092,NJ,2024-12-08,1264.38,12
POL102093,FL,2024-11-28,903.99,10
POL102094,CT,2024-12-04,2655.71,3
POL102095,NY,2024-01-17,1378.98,12
POL102096,PA,2025-06-11,995.59,5
POL102097,FL,2024-09-14,882.21,6
POL102098,NY,2025-05-03,936.86,10
POL102099,PA,2024-03-26,1025.61,10
POL102100,NY,2024-12-09,1910.24,11
POL102101,NY,2024-07-01,600.53,3
POL102102,NY,2025-01-10,1417.41,4
POL102103,PA,2024-10-07,1177.31,7
POL102104,NY,2024-10-20,1296.23,13
POL102105,PA,2024-08-07,1826.21,8
POL102106,NY,2025-03-14,940.81,4
POL102107,PA,2025-02-21,616.36,11
POL102108,NY,2024-02-18,594.6,3
POL102109,NY,2024-01-08,1553.24,13
POL102110,FL,2024-02-19,964.52,11
POL102111,FL,2024-06-29,1249.07,6
POL102112,NY,2024-10-27,1247.04,8
POL102113,NY,2025-03-01,1304.94,8
POL102114,PA,2024-02-27,815.44,2
POL102115,PA,2024-03-12,1861.27,14
POL102116,NJ,2025-02-26,1043.61,8
POL102117,PA,2024-03-05,995.67,7
POL102118,PA,2024-09-14,1757.48,5
POL102119,PA,2024-05-02,1509.07,8
POL102120,NJ,2024-04-03,976.72,7
POL102121,FL,2024-01-23,1577.83,12
POL102122,PA,2025-01-06,812.82,7
POL102123,FL,2024-03-03,644.21,15
POL102124,NY,2025-01-30,1423.62,2
POL102125,NJ,2024-02-17,2185.2,13
POL102126,PA,2024-10-08,1583.12,4
POL102127,PA,2024-08-05,622.73,0
POL102128,PA,2024-07-27,1375.29,0
POL102129,FL,2024-08-19,868.43,5
POL102130,FL,2024-02-12,1041.51,14
POL102131,NJ,2025-04-27,1218.94,15
POL102132,NJ,2025-02-21,1164.0,12
POL102133,NY,2024-11-23,603.79,8
POL102134,NY,2025-03-12,1738.99,6
POL102135,CT,2024-12-11,2057.31,2
POL102136,NY,2025-01-17,972.92,15
POL102137,FL,2025-03-06,2757.72,4
POL102138,PA,2024-05-11,753.62,6
POL102139,FL,2025-01-17,834.76,9
POL102140,CT,2024-10-22,777.75,11
POL102141,NY,2025-01-27,621.45,0
POL102142,NY,2024-08-11,775.92,9
POL102143,NJ,2024-01-26,478.92,1
POL102144,NJ,2025-03-23,830.23,15
POL102145,NY,2024-08-28,1681.37,9
POL102146,NJ,2024-10-19,1368.48,7
POL102147,NJ,2024-11-04,887.78,4
POL102148,NY,2024-02-05,870.33,3
POL102149,PA,2024-05-28,1376.46,0
POL102150,NJ,2025-05-10,1779.32,1
POL102151,NY,2025-01-11,1606.36,0
POL102152,NY,2024-11-25,790.12,3
POL102153,FL,2024-02-10,3213.67,11
POL102154,PA,2025-01-21,509.32,11
POL102155,NJ,2024-03-15,875.81,2
POL102156,NJ,2024-08-03,1074.58,8
POL102157,FL,2025-05-04,1164.86,1
POL102158,NY,2025-02-21,811.44,2
POL102159,FL,2024-04-28,674.42,5
POL102160,FL,2024-09-11,800.96,13
POL102161,FL,2025-02-04,1476.78,13
POL102162,NJ,2025-04-21,1047.2,2
POL102163,PA,2025-06-14,1794.21,5
POL102164,FL,2025-03-27,848.42,8
POL102165,PA,2024-11-09,678.71,10
POL102166,NJ,2025-06-17,1228.68,11
POL102167,CT,2025-02-15,900.69,6
POL102168,NY,2024-03-14,1197.6,8
POL102169,FL,2024-07-10,1119.21,2
POL102170,NY,2024-11-03,523.33,3
POL102171,CT,2025-05-08,1095.74,0
POL102172,PA,2024-03-23,1106.48,12
POL102173,FL,2024-05-26,521.52,4
POL102174,NY,2024-03-31,857.97,2
POL102175,PA,2025-01-13,419.88,4
POL102176,NJ,2024-03-11,1493.79,0
POL102177,NJ,2025-02-04,1070.17,6
POL102178,PA,2025-04-06,892.41,1
POL102179,NY,2024-01-14,999.5,11
POL102180,NY,2024-04-18,1798.93,3
POL102181,PA,2025-01-21,778.77,10
POL102182,FL,2025-06-12,2283.13,2
POL102183,FL,2024-06-16,980.32,11
POL102184,PA,2024-12-24,1387.48,0
POL102185,CT,2024-03-18,1236.0,15
POL102186,NY,2024-06-21,1008.59,3
POL102187,FL,2024-03-25,1018.74,5
POL102188,NY,2025-04-22,944.85,3
POL102189,NJ,2024-10-17,1182.38,12
POL102190,CT,2024-10-07,1238.56,14
POL102191,NY,2024-10-20,914.58,4
POL102192,NJ,2025-03-21,581.22,4
POL102193,PA,2024-06-18,1100.73,11
POL102194,NJ,2025-01-04,1660.19,4
POL102195,FL,2024-10-07,1239.3,8
POL102196,NY,2024-12-06,1534.71,14
POL102197,PA,2024-08-29,914.81,1
POL102198,FL,2024-02-22,1189.36,15
POL102199,PA,2024-09-09,1711.83,6
POL102200,NJ,2024-10-29,1174.33,4
POL102201,NY,2024-11-30,2042.77,15
POL102202,FL,2025-04-18,1172.11,1
POL102203,NY,2024-05-16,1150.76,8
POL102204,NY,2024-12-04,1714.62,6
POL102205,NY,2024-01-30,954.86,14
POL102206,FL,2025-03-07,1291.12,6
POL102207,NY,2025-06-13,842.57,5
POL102208,PA,2024-10-26,1441.0,4
POL102209,PA,2024-12-02,1316.9,12
POL102210,NY,2025-05-26,741.96,4
POL102211,FL,2024-07-22,779.11,10
POL102212,NY,2024-06-14,1560.57,11
POL102213,PA,2024-12-16,1484.32,9
POL102214,PA,2025-03-26,1091.52,6
POL102215,PA,2025-04-24,1483.35,0
POL102216,FL,2025-04-22,1429.4,1
POL102217,NY,2024-08-18,1288.85,0
POL102218,NJ,2024-04-07,662.09,4
POL102219,FL,2024-04-23,737.9,7
POL102220,PA,2024-12-11,1226.69,4
POL102221,PA,2024-06-20,1500.58,1
POL102222,NY,2025-02-01,1038.81,8
POL102223,NY,2025-01-01,994.93,5
POL102224,NJ,2025-04-17,628.83,11
POL102225,NY,2024-09-09,1231.34,10
POL102226,NY,2024-01-11,1182.78,6
POL102227,NY,2025-01-04,869.29,15
POL102228,NJ,2025-06-14,766.1,6
POL102229,FL,2024-06-18,929.11,3
POL102230,FL,2025-01-19,1626.95,13
POL102231,CT,2024-04-12,883.26,5
POL102232,NY,2024-01-06,856.31,8
POL102233,NJ,2024-12-11,1447.72,6
POL102234,PA,2024-12-21,1174.3,0
POL102235,FL,2025-01-09,886.71,14
POL102236,NY,2024-12-03,985.12,14
POL102237,PA,2024-02-03,1363.4,15
POL102238,NY,2024-09-14,1324.01,6
POL102239,FL,2024-12-04,1453.63,12
POL102240,NY,2025-01-27,664.59,1
POL102241,PA,2025-06-04,2636.15,7
POL102242,NY,2024-05-26,1062.84,15
POL102243,NY,2024-10-16,1067.63,7
POL102244,NY,2025-03-31,1517.59,3
POL102245,PA,2024-11-03,663.97,3
POL102246,NY,2024-05-16,1363.55,0
POL102247,NJ,2024-10-08,1444.76,15
POL102248,PA,2024-09-30,1236.71,3
POL102249,NY,2025-02-13,1967.98,2
POL102250,NY,2025-06-24,863.37,5
POL102251,PA,2024-12-08,638.18,1
POL102252,NY,2024-07-14,1336.5,9
POL102253,NJ,2024-05-27,1113.75,8
POL102254,NY,2024-02-04,1592.73,7
POL102255,FL,2024-10-23,880.88,15
POL102256,NY,2024-09-07,1997.81,14
POL102257,NJ,2025-04-17,941.95,2
POL102258,FL,2024-02-24,1000.67,10
POL102259,NY,2025-04-18,1365.24,4
POL102260,CT,2024-04-27,1859.58,14
POL102261,FL,2024-06-07,719.99,6
POL102262,NY,2024-02-04,652.96,13
POL102263,NY,2025-01-10,1274.84,13
POL102264,NY,2025-05-22,1340.24,5
POL102265,NJ,2025-05-24,663.56,15
POL102266,PA,2024-09-01,661.78,12
POL102267,NY,2024-10-18,1805.12,8
POL102268,PA,2025-05-16,1022.93,8
POL102269,FL,2024-02-23,1500.91,4
POL102270,NJ,2024-09-05,1225.02,8
POL102271,NY,2024-08-14,1568.81,9
POL102272,NY,2024-05-24,1223.16,6
POL102273,CT,2024-07-06,1883.13,0
POL102274,CT,2025-06-29,2153.94,1
POL102275,PA,2024-10-17,826.41,3
POL102276,NY,2025-05-09,601.96,6
POL102277,NY,2024-03-06,781.58,2
POL102278,NY,2024-03-06,1553.14,15
POL102279,FL,2024-10-01,1229.27,14
POL102280,PA,2024-08-09,825.52,4
POL102281,FL,2024-09-26,1270.83,11
POL102282,NY,2025-06-26,841.21,3
POL102283,NY,2024-05-18,940.23,1
POL102284,NY,2024-10-18,1488.62,6
POL102285,FL,2025-01-14,778.13,3
POL102286,FL,2024-07-13,1942.12,4
POL102287,CT,2024-01-01,777.36,11
POL102288,NJ,2024-07-08,1583.42,5
POL102289,NY,2025-03-13,1005.8,0
POL102290,NJ,2024-07-13,1362.07,0
POL102291,NY,2024-03-05,1363.63,0
POL102292,NY,2025-04-23,907.19,14
POL102293,NJ,2024-07-05,1211.66,14
POL102294,NY,2024-08-26,856.89,13
POL102295,NJ,2025-06-21,874.16,6
POL102296,NJ,2024-10-17,1318.39,5
POL102297,PA,2024-12-27,783.54,10
POL102298,NJ,2024-12-21,2195.31,14
POL102299,NJ,2024-05-12,1520.55,13
POL102300,NY,2024-01-29,1145.17,7
POL102301,FL,2024-01-13,1144.28,1
POL102302,FL,2024-01-31,1084.47,14
POL102303,FL,2024-04-26,973.08,13
POL102304,PA,2024-05-14,1010.04,3
POL102305,NY,2024-10-24,675.73,11
POL102306,PA,2024-12-16,1356.32,12
POL102307,NJ,2024-10-30,1273.75,7
POL102308,FL,2025-03-09,647.79,8
POL102309,CT,2024-03-09,509.82,0
POL102310,CT,2024-06-03,1569.62,10
POL102311,NY,2025-05-27,866.48,11
POL102312,NJ,2024-08-21,901.4,12
POL102313,NJ,2024-06-15,1489.37,3
POL102314,CT,2024-10-23,741.41,8
POL102315,FL,2024-11-30,1178.78,13
POL102316,NY,2025-06-08,893.87,12
POL102317,FL,2024-02-25,1351.11,0
POL102318,NJ,2024-07-10,994.78,6
POL102319,NY,2024-04-05,1214.49,15
POL102320,PA,2024-01-30,948.87,13
POL102321,NY,2024-05-28,983.93,12
POL102322,PA,2024-06-26,909.28,7
POL102323,PA,2025-03-14,1207.32,14
POL102324,FL,2025-03-08,844.48,8
POL102325,PA,2024-03-10,1221.92,8
POL102326,NY,2024-03-27,1297.73,5
POL102327,PA,2025-05-18,1989.86,14
POL102328,CT,2024-04-20,1305.43,6
POL102329,CT,2024-03-24,810.5,7
POL102330,CT,2024-06-11,544.36,2
POL102331,NY,2024-12-26,1573.87,12
POL102332,NJ,2024-11-26,3884.47,1
POL102333,NY,2025-03-21,1202.55,4
POL102334,NY,2024-12-17,453.9,5
POL102335,NJ,2024-03-28,966.87,3
POL102336,NY,2025-04-23,1379.74,1
POL102337,FL,2024-10-29,1212.08,2
POL102338,PA,2025-01-13,1257.67,10
POL102339,NY,2024-10-31,966.31,7
POL102340,NY,2025-06-09,948.01,10
POL102341,PA,2024-01-02,1074.25,5
POL102342,FL,2025-04-27,852.75,1
POL102343,PA,2024-07-20,1606.17,2
POL102344,NY,2025-01-13,1411.52,0
POL102345,FL,2024-11-13,1881.82,1
POL102346,NY,2025-01-24,1229.59,0
POL102347,NJ,2025-01-18,2056.99,13
POL102348,NY,2024-06-20,933.87,4
POL102349,NJ,2025-06-16,801.59,13
POL102350,NY,2024-06-08,1473.28,6
POL102351,FL,2024-04-22,777.98,8
POL102352,NY,2025-02-01,1460.87,11
POL102353,NY,2025-06-20,1026.91,12
POL102354,FL,2024-07-01,789.86,12
POL102355,PA,2025-02-19,664.87,6
POL102356,PA,2024-08-12,1160.77,14
POL102357,NJ,2024-09-23,1544.97,7
POL102358,NY,2024-08-29,1422.1,12
POL102359,CT,2024-08-20,1168.08,7
POL102360,NY,2024-06-02,578.52,13
POL102361,NY,2024-12-20,1156.65,1
POL102362,NY,2024-12-08,1133.01,2
POL102363,NY,2024-01-08,1088.93,15
POL102364,NY,2025-03-14,685.35,0
POL102365,PA,2024-06-21,1070.14,2
POL102366,NY,2024-03-16,993.45,10
POL102367,NJ,2025-05-18,1386.95,3
POL102368,FL,2024-07-20,1608.3,5
POL102369,NY,2025-03-18,929.62,15
POL102370,NY,2024-02-12,1335.53,15
POL102371,NJ,2024-01-02,552.5,5
POL102372,NY,2024-09-29,2275.91,1
POL102373,NY,2024-06-21,1204.62,12
POL102374,FL,2025-01-11,646.93,10
POL102375,FL,2024-04-21,1158.87,4
POL102376,NJ,2024-06-10,1513.65,7
POL102377,CT,2024-02-06,1946.08,6
POL102378,NY,2024-12-05,1733.93,4
POL102379,PA,2025-01-08,624.68,2
POL102380,PA,2024-06-22,1568.76,7
POL102381,NY,2025-05-01,1229.05,2
POL102382,CT,2024-08-30,717.38,10
POL102383,NJ,2024-05-25,1061.14,9
POL102384,NY,2024-09-30,1294.27,10
POL102385,PA,2024-07-27,1417.16,1
POL102386,NY,2025-05-09,1422.59,1
POL102387,FL,2024-06-19,881.3,7
POL102388,CT,2025-05-25,1133.97,10
POL102389,PA,2025-05-08,764.23,7
POL102390,FL,2024-05-14,903.95,4
POL102391,PA,2024-09-10,1162.94,13
POL102392,PA,2024-04-02,1797.99,10
POL102393,NY,2025-01-08,493.84,2
POL102394,NY,2025-03-03,1128.18,11
POL102395,NJ,2024-08-16,1237.6,10
POL102396,PA,2024-11-20,2263.46,6
POL102397,CT,2024-06-08,987.51,12
POL102398,CT,2025-02-19,1746.17,10
POL102399,NY,2024-01-12,883.05,12
POL102400,NY,2024-01-29,935.26,13
POL102401,FL,2024-08-12,1998.85,5
POL102402,NJ,2024-04-12,1077.55,5
POL102403,NY,2025-04-26,1192.38,1
POL102404,NY,2025-05-14,822.35,6
POL102405,CT,2025-01-22,1409.0,7
POL102406,FL,2024-08-19,1254.39,3
POL102407,PA,2024-02-05,604.81,14
POL102408,NJ,2025-05-22,1509.9,3
POL102409,NY,2025-06-19,542.51,12
POL102410,NY,2024-11-05,1141.9,11
POL102411,NJ,2024-02-22,1616.78,6
POL102412,PA,2025-03-18,850.03,11
POL102413,NJ,2024-10-24,1734.6,10
POL102414,CT,2024-02-08,825.07,10
POL102415,NJ,2024-04-24,1731.53,8
POL102416,FL,2024-04-13,1037.1,14
POL102417,NJ,2024-08-08,2388.46,1
POL102418,NY,2025-04-14,1239.69,2
POL102419,NY,2024-04-01,1198.36,12
POL102420,NJ,2024-07-10,711.67,1
POL102421,NY,2025-01-07,1489.19,11
POL102422,CT,2024-05-05,1238.83,6
POL102423,NY,2024-02-27,970.9,8
POL102424,CT,2024-03-08,1273.56,15
POL102425,CT,2025-03-16,1140.22,12
POL102426,NY,2024-06-09,1391.58,6
POL102427,NJ,2025-01-01,651.77,6
POL102428,NY,2024-03-24,835.72,2
POL102429,NJ,2024-08-16,698.44,3
POL102430,NY,2025-01-25,950.46,6
POL102431,FL,2024-11-27,1289.32,14
POL102432,NY,2024-02-24,2302.13,0
POL102433,FL,2024-05-03,1006.73,5
POL102434,CT,2024-01-23,695.6,9
POL102435,CT,2024-10-19,3008.28,9
POL102436,NY,2024-08-23,1373.56,14
POL102437,FL,2025-06-09,1808.45,6
POL102438,PA,2024-12-12,1575.29,7
POL102439,NY,2025-01-16,1039.66,3
POL102440,PA,2024-01-30,987.6,13
POL102441,NY,2024-11-15,1097.42,8
POL102442,NJ,2024-06-05,753.44,0
POL102443,NY,2025-04-19,1060.64,0
POL102444,NJ,2024-01-06,1608.63,6
POL102445,CT,2024-08-05,862.08,4
POL102446,CT,2024-07-26,1617.2,11
POL102447,NJ,2025-05-28,1460.35,12
POL102448,FL,2025-01-03,1743.03,1
POL102449,FL,2024-09-12,1345.53,13
POL102450,FL,2024-04-06,859.76,5
POL102451,NY,2024-05-14,965.56,7
POL102452,NY,2024-05-24,823.57,10
POL102453,NY,2024-10-24,1595.09,1
POL102454,NJ,2024-01-24,1878.69,12
POL102455,FL,2024-12-28,710.83,1
POL102456,NY,2024-11-25,848.89,9
POL102457,NY,2024-07-15,1253.31,12
POL102458,FL,2024-02-26,1493.71,14
POL102459,PA,2025-01-22,1197.03,13
POL102460,NY,2024-01-28,1401.81,11
POL102461,FL,2024-11-24,821.0,15
POL102462,PA,2024-08-28,1532.54,4
POL102463,FL,2025-03-17,1139.79,5
POL102464,NY,2025-06-29,1094.28,5
POL102465,PA,2024-09-16,1071.64,15
POL102466,PA,2024-10-28,700.86,9
POL102467,NJ,2024-03-23,1735.89,7
POL102468,PA,2024-05-25,1303.65,13
POL102469,PA,2024-07-28,989.2,13
POL102470,NJ,2024-06-15,1331.58,10
POL102471,NY,2024-08-13,998.05,7
POL102472,NY,2025-04-27,1384.25,2
POL102473,PA,2025-04-18,932.75,8
POL102474,FL,2024-03-04,1932.78,6
POL102475,PA,2024-05-08,534.93,4
POL102476,NY,2024-08-05,680.83,1
POL102477,FL,2024-12-22,1139.81,7
POL102478,NJ,2025-01-12,467.64,7
POL102479,FL,2025-06-10,1610.58,11
POL102480,NY,2025-02-08,2038.89,10
POL102481,NY,2024-08-02,1367.83,11
POL102482,FL,2024-06-20,952.57,15
POL102483,FL,2025-02-16,1795.53,8
POL102484,PA,2024-03-12,779.7,6
POL102485,FL,2024-06-01,1572.43,7
POL102486,PA,2024-07-06,1223.25,15
POL102487,FL,2025-04-06,920.71,0
POL102488,PA,2025-06-08,1122.97,13
POL102489,NJ,2024-07-23,720.25,15
POL102490,NJ,2025-01-23,758.59,3
POL102491,NY,2024-05-11,1244.02,4
POL102492,PA,2024-08-16,1110.95,4
POL102493,FL,2024-11-03,1003.25,5
POL102494,NY,2025-06-08,1194.41,12
POL102495,PA,2024-09-11,667.0,9
POL102496,NJ,2025-04-16,845.35,4
POL102497,PA,2025-02-07,778.03,6
POL102498,NJ,2025-01-08,854.06,12
POL102499,NY,2025-01-08,950.57,14
POL102500,FL,2024-01-11,1053.62,9
POL102501,FL,2024-12-09,1267.06,5
POL102502,NY,2024-09-08,897.07,6
POL102503,NY,2024-10-16,577.91,11
POL102504,NY,2025-04-14,1031.27,0
POL102505,NY,2024-04-21,1299.5,0
POL102506,NJ,2024-05-06,1225.2,13
POL102507,NJ,2024-09-09,918.59,14
POL102508,NY,2025-03-17,886.91,4
POL102509,NY,2024-11-18,1054.57,5
POL102510,FL,2024-09-13,666.01,11
POL102511,NY,2025-01-06,588.48,11
POL102512,NY,2024-12-17,1512.78,10
POL102513,NY,2025-05-09,853.95,6
POL102514,PA,2024-10-24,1247.24,14
POL102515,NJ,2025-01-04,1343.19,15
POL102516,FL,2024-07-30,1423.69,4
POL102517,NY,2024-07-15,826.07,11
POL102518,NY,2025-06-10,774.39,2
POL102519,NY,2024-04-03,1431.92,5
POL102520,FL,2024-10-03,1224.84,6
POL102521,NY,2024-09-12,1247.71,14
POL102522,NY,2025-01-25,870.72,13
POL102523,NJ,2025-04-06,1489.57,14
POL102524,NY,2024-04-20,696.19,13
POL102525,PA,2024-10-04,711.05,1
POL102526,PA,2024-06-07,1295.51,5
POL102527,CT,2025-01-09,961.64,8
POL102528,PA,2025-01-12,682.06,2
POL102529,FL,2024-11-23,2052.41,10
POL102530,NJ,2024-10-28,767.69,8
POL102531,NY,2024-11-18,683.31,8
POL102532,NJ,2024-01-08,849.69,15
POL102533,FL,2024-04-26,1360.56,9
POL102534,FL,2025-04-05,1288.51,5
POL102535,PA,2025-01-15,1405.41,2
POL102536,PA,2024-04-28,1327.67,10
POL102537,PA,2025-06-02,1860.6,6
POL102538,NY,2024-01-18,588.5,13
POL102539,NJ,2024-06-04,1212.55,15
POL102540,NY,2024-11-19,2534.79,6
POL102541,NY,2025-06-28,1590.41,0
POL102542,FL,2025-06-22,1604.78,8
POL102543,NY,2024-10-24,1226.85,0
POL102544,PA,2024-02-28,893.59,11
POL102545,NY,2024-02-01,1566.15,3
POL102546,FL,2025-03-12,732.64,11
POL102547,NJ,2024-06-13,1271.3,9
POL102548,NJ,2025-01-20,665.93,9
POL102549,NJ,2025-06-21,917.39,13
POL102550,NJ,2025-03-23,1595.14,11
POL102551,NY,2024-09-11,796.48,12
POL102552,NJ,2025-04-07,749.36,9
POL102553,CT,2024-10-23,1342.65,2
POL102554,NY,2024-09-11,1224.6,0
POL102555,NY,2025-01-19,1809.16,3
POL102556,PA,2024-09-02,995.69,12
POL102557,NJ,2024-09-17,1144.75,14
POL102558,NJ,2025-03-07,802.12,9
POL102559,NY,2024-05-27,1527.55,5
POL102560,NY,2024-07-23,650.07,9
POL102561,PA,2024-03-31,904.22,13
POL102562,NY,2025-03-09,1155.71,8
POL102563,FL,2024-09-16,693.99,7
POL102564,PA,2024-09-18,2225.03,2
POL102565,NY,2025-05-30,1247.34,12
POL102566,FL,2024-02-18,635.83,6
POL102567,NY,2025-06-23,1132.59,12
POL102568,FL,2025-02-20,620.39,8
POL102569,CT,2024-04-22,867.48,1
POL102570,NY,2024-11-19,1379.84,1
POL102571,NY,2024-06-08,1013.2,14
POL102572,NY,2024-06-11,778.56,12
POL102573,CT,2025-02-21,714.78,4
POL102574,NY,2024-05-04,1633.29,8
POL102575,NY,2025-02-15,1619.31,8
POL102576,FL,2025-04-29,1152.3,14
POL102577,NJ,2024-03-22,1078.12,8
POL102578,NY,2024-12-25,1185.29,2
POL102579,CT,2025-02-09,1062.96,1
POL102580,NJ,2024-05-25,880.62,10
POL102581,NY,2024-01-01,1226.73,5
POL102582,FL,2025-03-09,648.91,6
POL102583,PA,2025-05-05,1484.98,3
POL102584,NY,2025-06-05,668.78,14
POL102585,NJ,2024-10-12,1125.74,4
POL102586,CT,2024-11-17,1023.93,8
POL102587,NJ,2024-07-14,1891.67,9
POL102588,NY,2025-02-28,801.78,15
POL102589,FL,2025-05-29,981.86,6
POL102590,NY,2024-10-06,1272.78,14
POL102591,PA,2024-07-16,1854.81,15
POL102592,FL,2025-04-22,1376.9,8
POL102593,FL,2024-12-07,422.68,8
POL102594,NJ,2025-06-12,1284.86,4
POL102595,FL,2024-09-07,756.01,2
POL102596,NY,2025-06-02,535.88,14
POL102597,NJ,2024-02-08,634.52,5
POL102598,CT,2024-04-01,845.33,10
POL102599,NY,2024-12-12,2001.94,11
POL102600,NJ,2024-03-07,2261.04,6
POL102601,CT,2025-03-12,741.08,9
POL102602,FL,2024-06-11,780.41,9
POL102603,NY,2025-05-20,1143.38,13
POL102604,NJ,2025-04-07,638.94,15
POL102605,PA,2024-06-16,1149.28,4
POL102606,NJ,2024-10-22,1174.11,4
POL102607,PA,2024-07-16,864.44,4
POL102608,PA,2024-04-22,1086.38,0
POL102609,NJ,2024-06-07,922.14,4
POL102610,PA,2025-04-23,1626.97,2
POL102611,PA,2024-08-08,434.97,4
POL102612,NJ,2024-07-18,721.19,7
POL102613,NY,2024-03-18,1234.36,12
POL102614,NJ,2024-06-09,1328.47,15
POL102615,NJ,2024-10-11,1535.09,13
POL102616,NY,2024-07-06,1180.3,4
POL102617,FL,2024-04-12,1192.32,1
POL102618,CT,2025-01-16,751.54,1
POL102619,NY,2024-11-13,1701.18,15
POL102620,CT,2024-12-11,1675.05,15
POL102621,FL,2024-02-20,1551.34,7
POL102622,FL,2024-12-16,526.09,3
POL102623,PA,2025-05-28,1401.05,0
POL102624,NJ,2024-01-19,767.73,12
POL102625,NY,2024-05-02,810.99,3
POL102626,FL,2024-03-02,1693.61,10
POL102627,NY,2025-06-20,1014.87,15
POL102628,NY,2024-03-26,1626.62,5
POL102629,CT,2024-10-26,1518.49,4
POL102630,NY,2024-11-08,935.14,5
POL102631,FL,2025-01-19,1081.5,11
POL102632,FL,2025-04-05,1026.14,0
POL102633,FL,2024-10-18,868.16,9
POL102634,FL,2024-12-26,863.77,7
POL102635,CT,2024-06-02,941.38,7
POL102636,PA,2025-01-04,719.46,13
POL102637,PA,2024-04-04,843.53,13
POL102638,PA,2024-07-31,810.51,3
POL102639,FL,2024-04-07,797.02,10
POL102640,NJ,2025-03-11,635.19,3
POL102641,NJ,2024-10-20,715.51,0
POL102642,FL,2025-05-21,2528.67,4
POL102643,FL,2025-06-09,1084.1,14
POL102644,NY,2024-08-20,2218.6,1
POL102645,NY,2024-04-16,1211.93,4
POL102646,CT,2024-11-23,1099.29,9
POL102647,CT,2024-04-14,1592.11,11
POL102648,NY,2025-05-28,1150.11,6
POL102649,NJ,2025-01-23,1443.75,1
POL102650,PA,2025-03-29,606.94,10
POL102651,PA,2024-04-21,1120.01,13
POL102652,FL,2024-07-18,743.01,12
POL102653,PA,2024-01-29,2368.55,0
POL102654,NJ,2025-04-29,1543.64,5
POL102655,CT,2024-11-19,969.03,11
POL102656,CT,2025-05-08,3146.98,11
POL102657,NJ,2024-09-01,695.0,9
POL102658,FL,2024-09-27,735.54,5
POL102659,PA,2024-07-05,1449.64,6
POL102660,NJ,2024-12-07,2086.28,15
POL102661,NY,2025-06-12,1156.78,3
POL102662,PA,2024-08-10,980.33,10
POL102663,CT,2024-04-21,944.56,0
POL102664,NJ,2025-02-19,1928.69,2
POL102665,NY,2025-01-28,2177.76,4
POL102666,NY,2024-07-01,1017.66,6
POL102667,FL,2024-09-30,1114.22,10
POL102668,NJ,2024-07-03,708.44,13
POL102669,NJ,2024-01-03,823.09,9
POL102670,PA,2024-11-21,1171.26,1
POL102671,FL,2025-02-15,733.63,5
POL102672,FL,2025-03-28,1099.42,7
POL102673,PA,2024-01-29,842.59,10
POL102674,NY,2024-02-25,1316.7,0
POL102675,NJ,2024-04-08,680.75,8
POL102676,NJ,2024-06-06,1627.19,13
POL102677,PA,2024-09-04,1232.27,2
POL102678,PA,2024-06-06,1148.57,4
POL102679,NY,2024-10-26,1819.16,9
POL102680,PA,2024-09-13,1902.41,5
POL102681,NJ,2024-12-05,949.81,3
POL102682,NJ,2025-04-13,1224.61,9
POL102683,FL,2024-04-21,661.6,5
POL102684,NJ,2024-06-25,1085.37,10
POL102685,CT,2024-01-14,718.54,13
POL102686,NY,2025-02-27,891.65,1
POL102687,NY,2025-05-06,1048.61,14
POL102688,FL,2024-01-19,471.67,15
POL102689,NY,2024-03-12,1035.29,10
POL102690,PA,2024-12-19,807.95,11
POL102691,NY,2024-05-12,969.32,10
POL102692,NY,2025-05-15,1290.4,13
POL102693,PA,2025-05-26,1403.65,14
POL102694,FL,2025-03-24,1531.77,9
POL102695,FL,2025-04-10,793.75,4
POL102696,PA,2024-12-01,1584.64,8
POL102697,FL,2024-02-27,963.83,6
POL102698,NJ,2024-09-10,1106.69,3
POL102699,FL,2024-10-12,2321.72,9
POL102700,NY,2024-03-13,1066.41,0
POL102701,PA,2025-05-06,744.1,7
POL102702,PA,2024-12-12,1363.54,2
POL102703,PA,2025-02-05,1082.44,14
POL102704,NY,2025-04-03,659.57,8
POL102705,NY,2025-01-27,599.68,9
POL102706,FL,2024-01-28,1886.25,6
POL102707,NJ,2025-01-20,944.4,14
POL102708,NJ,2025-06-09,2478.76,5
POL102709,CT,2025-06-09,947.1,3
POL102710,NY,2025-01-14,791.85,2
POL102711,NY,2024-09-29,751.57,2
POL102712,PA,2024-04-16,1726.25,14
POL102713,NY,2024-03-30,856.16,3
POL102714,FL,2025-02-16,676.97,11
POL102715,NY,2024-04-07,1093.63,10
POL102716,NJ,2024-08-29,1162.57,4
POL102717,CT,2024-01-04,1516.09,3
POL102718,NY,2024-12-05,788.93,7
POL102719,NY,2025-06-06,618.86,14
POL102720,NJ,2024-05-05,2361.86,13
POL102721,NY,2024-04-15,1775.34,10
POL102722,FL,2025-02-11,467.71,10
POL102723,NJ,2024-12-18,2169.87,0
POL102724,NY,2024-03-05,1723.51,15
POL102725,NY,2025-04-20,1465.01,7
POL102726,FL,2025-01-05,1046.63,7
POL102727,NJ,2025-02-10,969.33,11
POL102728,NY,2025-04-08,1393.51,11
POL102729,NJ,2024-06-23,1131.94,15
POL102730,CT,2024-09-19,1303.92,4
POL102731,PA,2025-05-01,1075.95,1
POL102732,NY,2024-03-27,1380.12,13
POL102733,NY,2024-03-28,898.87,6
POL102734,NY,2024-03-02,1565.94,9
POL102735,NJ,2025-03-21,660.21,0
POL102736,PA,2024-11-17,1048.53,10
POL102737,FL,2025-06-06,1186.04,5
POL102738,NY,2025-01-22,955.61,12
POL102739,CT,2024-07-13,1523.66,13
POL102740,PA,2025-04-11,1086.97,5
POL102741,NY,2024-07-14,923.48,5
POL102742,NJ,2024-03-07,756.23,2
POL102743,NY,2025-04-22,890.84,8
POL102744,PA,2024-09-09,1212.44,13
POL102745,PA,2024-06-19,985.45,6
POL102746,PA,2025-05-04,1138.03,9
POL102747,NJ,2025-03-09,1162.21,1
POL102748,PA,2024-10-03,1039.56,9
POL102749,NY,2024-07-07,852.21,9
POL102750,NY,2024-07-06,1636.04,6
POL102751,CT,2024-01-04,1029.58,8
POL102752,PA,2025-05-18,1505.5,15
POL102753,NY,2024-07-07,942.12,2
POL102754,PA,2024-06-18,1106.9,0
POL102755,CT,2024-09-14,1089.47,6
POL102756,NY,2024-01-05,820.31,0
POL102757,NY,2025-03-08,692.6,8
POL102758,FL,2025-06-27,616.74,7
POL102759,CT,2024-03-15,1653.51,6
POL102760,PA,2025-01-19,730.37,11
POL102761,NY,2024-05-10,1141.49,0
POL102762,NY,2024-07-22,2126.83,9
POL102763,FL,2025-02-19,495.05,2
POL102764,NY,2024-03-19,1043.14,13
POL102765,NJ,2024-10-16,834.73,12
POL102766,PA,2025-02-27,1930.3,5
POL102767,PA,2024-12-16,1274.82,0
POL102768,NY,2025-06-28,865.84,0
POL102769,NY,2024-08-10,1143.53,8
POL102770,PA,2025-03-23,1264.85,14
POL102771,NJ,2025-04-12,1304.41,3
POL102772,PA,2024-12-11,864.89,7
POL102773,NY,2025-04-14,528.67,9
POL102774,NJ,2024-03-23,1360.08,13
POL102775,NY,2024-05-03,764.56,12
POL102776,CT,2024-11-09,1089.77,7
POL102777,NY,2024-02-06,1278.01,1
POL102778,NY,2025-01-26,815.99,8
POL102779,NJ,2024-02-11,2857.32,11
POL102780,NY,2025-01-13,733.13,3
POL102781,CT,2025-04-23,1231.38,14
POL102782,NJ,2025-03-09,2077.89,11
POL102783,PA,2024-08-28,849.07,12
POL102784,FL,2025-01-03,699.75,8
POL102785,PA,2025-05-17,752.85,7
POL102786,PA,2024-10-13,1137.02,1
POL102787,NJ,2025-02-08,775.03,15
POL102788,PA,2024-10-21,1474.88,14
POL102789,FL,2025-05-15,658.24,6
POL102790,PA,2024-04-23,990.19,15
POL102791,FL,2024-01-15,529.16,7
POL102792,NJ,2024-09-23,1936.02,11
POL102793,FL,2025-06-22,880.54,2
POL102794,NY,2024-06-24,1621.56,7
POL102795,NY,2024-02-02,738.07,7
POL102796,PA,2025-02-01,1051.67,1
POL102797,NJ,2024-09-01,689.55,1
POL102798,NJ,2025-04-21,927.65,2
POL102799,NJ,2024-01-09,1116.96,5
POL102800,PA,2025-06-04,673.22,12
POL102801,PA,2025-05-04,1139.78,12
POL102802,NY,2025-01-31,890.88,6
POL102803,NJ,2024-03-27,1301.68,2
POL102804,NJ,2024-12-05,1010.1,3
POL102805,FL,2024-05-21,1008.05,6
POL102806,FL,2024-11-14,1294.06,13
POL102807,FL,2024-07-04,1335.53,6
POL102808,NJ,2024-03-16,1333.23,4
POL102809,NY,2025-01-30,779.74,1
POL102810,NY,2025-02-23,1199.69,2
POL102811,PA,2024-08-19,1962.8,14
POL102812,PA,2025-04-24,830.03,11
POL102813,NY,2024-08-18,1295.24,12
POL102814,NJ,2025-01-26,1176.87,11
POL102815,CT,2024-03-20,1325.24,15
POL102816,NY,2024-12-07,1034.84,2
POL102817,NY,2024-01-04,1330.32,15
POL102818,PA,2024-05-24,2374.58,8
POL102819,NJ,2024-12-17,1104.38,12
POL102820,NY,2025-06-26,976.76,6
POL102821,PA,2024-05-05,1387.92,8
POL102822,NY,2025-01-23,951.38,0
POL102823,NY,2024-05-24,874.33,2
POL102824,FL,2025-03-29,804.63,15
POL102825,CT,2024-02-08,1591.72,12
POL102826,FL,2024-11-09,1509.09,6
POL102827,FL,2024-11-18,1262.82,14
POL102828,NY,2024-08-07,1308.18,1
POL102829,CT,2024-12-11,839.41,9
POL102830,NJ,2025-06-03,1262.03,15
POL102831,NJ,2025-03-15,1146.08,4
POL102832,NY,2024-10-18,808.0,2
POL102833,CT,2025-05-03,794.89,10
POL102834,PA,2024-01-10,729.21,1
POL102835,PA,2025-06-28,1063.23,5
POL102836,NY,2024-07-25,2574.61,14
POL102837,NJ,2024-03-25,1196.85,11
POL102838,NJ,2025-03-16,601.24,13
POL102839,FL,2025-05-17,1335.55,8
POL102840,FL,2024-08-20,1584.1,5
POL102841,PA,2025-05-20,1796.01,14
POL102842,CT,2024-11-10,1310.34,2
POL102843,PA,2025-02-19,1415.09,2
POL102844,PA,2025-06-16,828.31,0
POL102845,PA,2024-06-06,1545.01,0
POL102846,CT,2024-12-17,791.78,1
POL102847,NY,2024-08-21,728.65,15
POL102848,CT,2024-08-13,1069.55,6
POL102849,NJ,2024-11-05,993.47,15
POL102850,FL,2024-01-09,1102.14,2
POL102851,CT,2024-02-17,1247.0,13
POL102852,NJ,2024-07-13,1851.35,9
POL102853,CT,2024-03-15,920.5,8
POL102854,NY,2025-05-28,1090.01,5
POL102855,FL,2024-02-16,1317.96,13
POL102856,FL,2025-06-23,1019.17,12
POL102857,NJ,2024-05-17,856.01,9
POL102858,NY,2024-03-18,1912.89,13
POL102859,NJ,2025-06-23,1196.39,15
POL102860,FL,2025-02-19,901.13,9
POL102861,PA,2025-01-06,1349.58,10
POL102862,NY,2024-11-27,1236.97,5
POL102863,CT,2025-06-10,1104.88,6
POL102864,CT,2024-01-25,1808.83,4
POL102865,NY,2024-11-12,2254.19,12
POL102866,FL,2025-06-28,1070.85,3
POL102867,CT,2025-03-03,1122.69,1
POL102868,NY,2024-11-15,662.27,14
POL102869,NY,2025-01-21,954.87,13
POL102870,NY,2024-06-10,769.85,11
POL102871,NJ,2024-06-15,998.5,5
POL102872,NJ,2024-01-15,2088.98,14
POL102873,PA,2024-11-08,1388.79,9
POL102874,NJ,2025-03-28,1501.09,14
POL102875,NY,2024-07-20,1112.57,9
POL102876,FL,2024-07-05,1409.98,2
POL102877,NJ,2024-08-17,1407.43,3
POL102878,PA,2024-12-27,820.05,0
POL102879,NY,2025-04-03,972.31,13
POL102880,FL,2024-03-02,1055.19,1
POL102881,CT,2025-04-03,1138.72,10
POL102882,NY,2024-05-17,2055.94,7
POL102883,NY,2025-02-27,1356.7,14
POL102884,FL,2025-05-30,1313.19,15
POL102885,NJ,2024-05-24,1648.37,4
POL102886,FL,2025-02-07,1060.56,0
POL102887,NJ,2024-03-06,901.33,13
POL102888,NJ,2024-06-08,1584.22,9
POL102889,FL,2024-08-11,1141.75,12
POL102890,NJ,2024-12-01,1056.8,13
POL102891,PA,2025-06-13,812.68,2
POL102892,NY,2024-04-28,1016.58,6
POL102893,NY,2025-03-24,1217.47,8
POL102894,NY,2025-05-15,1005.29,0
POL102895,FL,2025-02-17,1157.36,0
POL102896,NY,2024-03-25,822.83,15
POL102897,NY,2024-08-09,657.81,10
POL102898,PA,2025-06-25,1412.42,8
POL102899,CT,2025-01-27,990.98,1
POL102900,FL,2024-04-14,3228.93,10
POL102901,NJ,2025-01-21,1389.44,14
POL102902,NY,2025-06-07,2541.45,7
POL102903,FL,2025-05-04,1249.66,10
POL102904,PA,2024-05-05,1345.75,10
POL102905,NJ,2025-05-04,975.27,15
POL102906,PA,2024-06-05,1774.8,9
POL102907,PA,2024-12-31,1122.46,5
POL102908,PA,2024-12-24,1438.42,9
POL102909,PA,2024-06-25,1077.71,7
POL102910,NY,2024-05-05,1039.82,12
POL102911,FL,2025-02-16,740.98,7
POL102912,NJ,2025-01-26,1590.66,3
POL102913,FL,2024-09-03,1648.93,11
POL102914,NY,2024-01-01,1200.94,4
POL102915,NY,2024-09-03,1015.98,4
POL102916,CT,2025-01-26,526.4,14
POL102917,PA,2024-08-11,737.58,12
POL102918,FL,2024-01-02,1218.41,0
POL102919,PA,2024-07-13,1004.03,3
POL102920,FL,2025-04-21,1828.89,1
POL102921,NY,2025-01-20,1170.01,3
POL102922,FL,2024-02-04,1006.44,9
POL102923,FL,2025-01-25,1366.98,2
POL102924,PA,2025-02-28,963.37,6
POL102925,NJ,2024-02-13,647.12,5
POL102926,NJ,2024-05-25,2400.36,14
POL102927,PA,2024-11-06,795.27,10
POL102928,NY,2024-06-25,817.62,5
POL102929,FL,2024-12-03,2563.4,4
POL102930,NJ,2024-01-04,2183.55,1
POL102931,NY,2024-05-21,1007.47,0
POL102932,CT,2025-06-22,1036.77,10
POL102933,NY,2025-01-25,1967.12,2
POL102934,NY,2024-02-12,1573.23,11
POL102935,NY,2025-04-13,1291.71,12
POL102936,NJ,2024-05-24,1118.2,12
POL102937,NY,2025-03-19,751.44,3
POL102938,FL,2025-06-29,1582.19,8
POL102939,NY,2024-06-27,1242.93,15
POL102940,PA,2024-01-08,1052.53,10
POL102941,NJ,2025-05-14,1158.59,14
POL102942,NY,2024-02-10,1157.99,8
POL102943,FL,2024-06-20,1075.75,3
POL102944,NY,2025-06-25,1571.44,6
POL102945,NY,2024-08-13,1459.59,10
POL102946,NJ,2024-01-28,990.53,8
POL102947,NJ,2024-06-23,1491.55,2
POL102948,NY,2025-04-02,1599.57,0
POL102949,FL,2025-01-05,1045.14,2
POL102950,NY,2024-09-27,2371.75,6
POL102951,NJ,2024-03-07,854.18,8
POL102952,FL,2024-07-08,1193.54,2
POL102953,PA,2025-06-04,890.13,8
POL102954,NJ,2024-03-18,594.14,12
POL102955,NY,2024-06-14,852.94,5
POL102956,NY,2025-06-03,968.99,3
POL102957,NY,2024-11-08,1328.95,11
POL102958,PA,2024-02-15,1727.64,14
POL102959,NY,2024-01-12,1339.94,5
POL102960,NY,2024-05-21,635.14,6
POL102961,FL,2024-06-12,1001.87,2
POL102962,FL,2024-04-02,1262.05,1
POL102963,FL,2024-05-19,2617.32,3
POL102964,NJ,2025-02-01,816.43,10
POL102965,PA,2025-06-20,2654.53,14
POL102966,CT,2024-07-23,791.97,15
POL102967,NJ,2025-03-17,1331.97,0
POL102968,FL,2025-06-26,1108.2,7
POL102969,NY,2025-01-09,1627.98,3
POL102970,CT,2025-04-24,690.9,0
POL102971,NY,2024-06-09,1973.31,5
POL102972,NY,2024-08-15,947.77,14
POL102973,NY,2024-08-01,1273.53,11
POL102974,NY,2024-09-14,560.17,1
POL102975,PA,2024-03-19,963.19,8
POL102976,FL,2024-10-02,2046.98,5
POL102977,NY,2024-05-25,1051.0,0
POL102978,NY,2024-11-30,1691.34,6
POL102979,FL,2024-08-28,1912.05,13
POL102980,PA,2025-05-17,1366.25,0
POL102981,NJ,2024-03-14,828.1,2
POL102982,NY,2024-02-14,867.73,13
POL102983,NY,2025-04-11,813.71,0
POL102984,CT,2024-04-15,922.01,15
POL102985,NJ,2024-07-18,1237.27,14
POL102986,NY,2024-02-14,880.62,14
POL102987,NY,2024-08-08,624.35,4
POL102988,PA,2025-02-04,1249.72,2
POL102989,NY,2024-07-17,1307.75,15
POL102990,NY,2024-02-25,748.45,9
POL102991,NJ,2025-02-23,1190.1,10
POL102992,NJ,2025-05-20,1096.35,1
POL102993,NY,2024-04-14,753.33,5
POL102994,CT,2025-04-07,2952.16,10
POL102995,FL,2025-06-30,884.53,10
POL102996,FL,2025-02-07,1176.67,8
POL102997,NJ,2024-08-21,947.91,1
POL102998,FL,2024-04-14,1460.95,5
POL102999,PA,2025-02-16,1349.48,3
POL103000,NY,2024-05-03,1295.23,0
POL103001,NY,2024-09-20,1344.91,14
POL103002,NY,2024-02-18,1667.41,5
POL103003,NJ,2024-10-25,1099.01,10
POL103004,CT,2024-10-06,1105.38,2
POL103005,FL,2024-02-17,1139.14,6
POL103006,FL,2025-01-24,1357.42,3
POL103007,PA,2024-01-20,1458.56,11
POL103008,NJ,2024-09-12,632.76,2
POL103009,NY,2024-04-02,677.09,14
POL103010,NY,2025-04-05,758.38,5
POL103011,NY,2024-08-23,1706.6,3
POL103012,PA,2025-04-09,1424.77,0
POL103013,NJ,2025-05-01,1445.68,1
POL103014,PA,2024-08-19,765.55,4
POL103015,NJ,2025-04-15,1083.76,14
POL103016,PA,2025-02-09,1157.77,15
POL103017,FL,2024-07-25,1537.64,3
POL103018,NY,2024-10-26,836.78,0
POL103019,NY,2024-12-20,773.28,4
POL103020,FL,2024-06-24,1313.0,15
POL103021,NY,2024-04-28,1406.91,3
POL103022,FL,2024-11-16,721.06,9
POL103023,FL,2025-01-03,1260.06,2
POL103024,NJ,2025-01-25,1508.19,1
POL103025,FL,2025-06-25,1225.68,3
POL103026,NJ,2025-02-25,1260.32,9
POL103027,PA,2024-02-15,1508.94,1
POL103028,CT,2024-10-30,1197.68,9
POL103029,PA,2025-03-14,933.33,13
POL103030,NJ,2025-03-31,1207.42,10
POL103031,PA,2025-04-11,931.62,15
POL103032,PA,2025-05-09,880.61,4
POL103033,NJ,2024-05-22,839.74,15
POL103034,FL,2025-05-17,2178.91,10
POL103035,NJ,2025-06-19,1059.93,5
POL103036,FL,2025-03-05,899.3,13
POL103037,CT,2024-07-14,1159.75,3
POL103038,CT,2024-10-05,1148.34,14
POL103039,PA,2024-11-22,1327.14,12
POL103040,PA,2024-06-29,917.22,14
POL103041,PA,2024-03-18,1964.92,13
POL103042,NY,2024-02-26,1472.53,6
POL103043,NY,2025-03-14,911.51,6
POL103044,PA,2024-11-23,742.59,2
POL103045,PA,2024-01-04,1110.43,5
POL103046,CT,2024-07-01,908.52,3
POL103047,NY,2025-02-25,696.95,8
POL103048,NJ,2024-07-15,789.37,10
POL103049,PA,2024-08-05,996.43,6
POL103050,PA,2024-09-13,2167.94,0
POL103051,NJ,2024-12-08,863.62,3
POL103052,PA,2025-01-12,1146.71,12
POL103053,PA,2025-05-24,1024.53,11
POL103054,NJ,2024-07-29,1280.94,1
POL103055,FL,2025-06-23,2123.46,8
POL103056,FL,2024-10-23,1260.08,5
POL103057,FL,2024-12-22,1576.31,12
POL103058,CT,2024-01-24,954.99,10
POL103059,NY,2024-02-27,1132.75,11
POL103060,PA,2024-12-08,964.59,1
POL103061,PA,2024-04-11,736.87,2
POL103062,PA,2025-05-20,452.61,14
POL103063,PA,2024-01-10,1061.67,6
POL103064,NJ,2025-06-30,552.51,2
POL103065,NY,2024-05-12,1244.91,6
POL103066,NY,2025-01-06,1198.88,15
POL103067,NY,2024-07-12,631.57,5
POL103068,FL,2025-03-04,929.64,13
POL103069,NJ,2024-04-29,1375.95,13
POL103070,NY,2024-04-01,644.85,12
POL103071,NY,2024-04-14,1114.89,11
POL103072,NY,2024-01-12,1115.76,15
POL103073,NY,2024-12-14,930.34,3
POL103074,FL,2024-10-25,1284.24,4
POL103075,PA,2025-03-20,827.66,13
POL103076,FL,2024-06-04,1201.4,14
POL103077,NY,2025-04-11,692.91,6
POL103078,NJ,2025-05-24,977.44,3
POL103079,NY,2025-06-25,647.44,7
POL103080,NY,2025-03-03,1250.81,10
POL103081,PA,2024-08-14,1062.35,10
POL103082,NY,2024-06-01,592.01,12
POL103083,NY,2024-06-08,951.59,9
POL103084,NY,2024-05-04,749.76,14
POL103085,PA,2024-08-05,1402.08,8
POL103086,NY,2024-07-23,1973.46,10
POL103087,NY,2024-01-04,718.73,5
POL103088,CT,2024-08-08,944.42,0
POL103089,NJ,2024-02-02,1836.79,5
POL103090,NY,2024-09-14,1082.66,9
POL103091,PA,2024-09-18,557.68,10
POL103092,PA,2024-04-06,642.79,8
POL103093,PA,2024-01-12,1513.32,4
POL103094,PA,2024-09-09,842.38,0
POL103095,NY,2025-01-20,1190.03,4
POL103096,CT,2025-05-18,1045.76,13
POL103097,PA,2025-05-29,1190.06,12
POL103098,FL,2025-06-22,1088.5,0
POL103099,NY,2024-07-09,2347.95,1
POL103100,NJ,2025-03-16,1933.38,8
POL103101,NY,2025-03-12,415.6,8
POL103102,NJ,2025-04-24,960.51,2
POL103103,NY,2024-10-16,1246.61,4
POL103104,FL,2024-06-08,500.01,4
POL103105,PA,2025-03-28,1285.07,12
POL103106,FL,2024-02-29,759.25,2
POL103107,NY,2024-08-26,1352.39,1
POL103108,FL,2024-03-04,1321.35,7
POL103109,PA,2024-05-27,1567.75,4
POL103110,PA,2025-01-04,473.27,14
POL103111,NY,2024-02-09,541.76,13
POL103112,NY,2025-01-16,894.49,12
POL103113,NY,2024-03-04,1049.27,9
POL103114,FL,2025-06-18,393.09,13
POL103115,NY,2025-01-11,1504.6,7
POL103116,PA,2024-11-15,1153.73,9
POL103117,NY,2025-01-03,1764.2,2
POL103118,FL,2025-02-15,1332.42,14
POL103119,FL,2025-01-09,1510.91,15
POL103120,NY,2025-02-23,526.4,2
POL103121,NY,2024-10-01,964.87,11
POL103122,PA,2024-02-26,1445.56,4
POL103123,NJ,2025-05-10,1061.25,3
POL103124,PA,2024-04-24,797.3,6
POL103125,NY,2024-07-17,993.56,13
POL103126,FL,2025-04-12,1854.97,14
POL103127,FL,2024-06-29,2732.77,3
POL103128,NY,2025-05-05,932.83,0
POL103129,CT,2024-06-11,980.26,8
POL103130,PA,2024-09-21,1454.49,1
POL103131,PA,2024-10-25,738.97,3
POL103132,PA,2025-01-28,1229.8,11
POL103133,NY,2024-05-10,1574.58,12
POL103134,NJ,2024-08-18,1030.99,7
POL103135,NY,2024-06-20,1048.47,13
POL103136,NY,2024-10-14,1101.99,8
POL103137,NJ,2024-05-10,2360.56,8
POL103138,CT,2024-07-07,805.74,1
POL103139,NY,2024-01-02,653.58,14
POL103140,PA,2025-03-07,1273.64,8
POL103141,NY,2024-10-20,2582.34,13
POL103142,PA,2024-02-09,1504.02,7
POL103143,PA,2025-01-03,2705.5,4
POL103144,FL,2025-01-29,814.92,6
POL103145,PA,2025-01-10,1905.31,6
POL103146,NJ,2025-06-23,1439.74,4
POL103147,PA,2025-06-12,1636.84,5
POL103148,FL,2024-10-06,821.26,10
POL103149,PA,2024-01-26,1166.87,10
POL103150,PA,2024-03-02,703.78,13
POL103151,PA,2024-01-25,1348.23,14
POL103152,FL,2025-05-01,726.45,4
POL103153,PA,2024-11-29,1306.89,8
POL103154,NJ,2024-09-24,1227.68,7
POL103155,FL,2024-08-14,903.53,10
POL103156,PA,2025-04-24,1354.27,15
POL103157,FL,2024-08-06,2058.16,10
POL103158,FL,2025-04-23,579.81,10
POL103159,NY,2024-02-08,1646.99,14
POL103160,NJ,2024-10-05,2305.55,7
POL103161,NY,2025-04-16,2471.33,15
POL103162,CT,2024-04-26,1170.14,8
POL103163,NY,2024-08-06,1252.68,2
POL103164,FL,2024-06-07,1104.19,14
POL103165,PA,2024-02-02,1833.37,10
POL103166,FL,2024-03-09,1711.09,4
POL103167,NY,2024-11-12,1351.21,6
POL103168,NY,2024-08-17,905.22,0
POL103169,PA,2024-09-10,582.39,2
POL103170,FL,2025-06-21,1123.56,4
POL103171,NY,2024-11-21,683.44,15
POL103172,NY,2024-01-22,1312.95,8
POL103173,NY,2024-07-22,740.53,10
POL103174,NJ,2025-01-01,1053.37,4
POL103175,NJ,2024-06-04,1517.75,3
POL103176,NJ,2025-04-22,2042.55,14
POL103177,NJ,2025-05-11,1130.46,1
POL103178,FL,2024-03-10,1134.2,2
POL103179,NJ,2024-10-06,1098.24,2
POL103180,NY,2024-11-05,1058.26,5
POL103181,NJ,2024-10-14,882.34,5
POL103182,NY,2025-01-22,718.24,1
POL103183,CT,2025-01-20,1267.91,10
POL103184,NY,2024-01-09,1146.32,0
POL103185,FL,2024-12-19,1181.46,0
POL103186,PA,2024-12-06,1628.87,8
POL103187,PA,2024-10-29,1459.13,8
POL103188,PA,2024-02-23,1627.18,12
POL103189,PA,2025-02-06,1168.01,4
POL103190,PA,2025-01-01,904.14,0
POL103191,NJ,2024-11-29,1545.3,1
POL103192,NY,2024-04-17,1019.67,5
POL103193,NJ,2024-11-07,1519.68,0
POL103194,CT,2025-02-08,1756.65,9
POL103195,CT,2024-11-19,874.1,5
POL103196,PA,2025-03-27,1022.56,15
POL103197,NY,2024-06-29,2439.06,5
POL103198,FL,2024-04-13,972.59,9
POL103199,PA,2025-04-11,921.3,0
POL103200,NY,2024-11-17,598.1,8
POL103201,PA,2024-10-01,798.23,7
POL103202,NY,2024-11-14,1172.69,3
POL103203,PA,2024-08-19,2388.45,9
POL103204,NJ,2024-11-28,511.46,3
POL103205,PA,2024-12-08,1341.01,8
POL103206,PA,2024-05-12,1337.1,12
POL103207,CT,2024-05-04,980.24,9
POL103208,NJ,2024-04-07,917.3,3
POL103209,NY,2025-01-14,1006.97,0
POL103210,NJ,2025-03-19,1041.99,12
POL103211,PA,2025-04-16,825.62,6
POL103212,CT,2024-03-17,609.16,6
POL103213,PA,2024-02-06,1192.77,1
POL103214,NJ,2024-11-19,633.14,11
POL103215,NY,2024-02-06,1318.44,3
POL103216,NJ,2024-03-15,1247.95,3
POL103217,NY,2024-07-31,924.48,3
POL103218,NY,2024-05-22,694.4,2
POL103219,PA,2024-03-19,802.29,14
POL103220,NJ,2024-09-08,917.22,2
POL103221,CT,2024-10-17,2136.33,5
POL103222,NJ,2024-01-22,826.66,13
POL103223,NY,2024-05-08,1983.72,12
POL103224,PA,2024-09-14,1410.47,11
POL103225,PA,2025-02-15,824.88,0
POL103226,NJ,2024-08-10,817.25,11
POL103227,PA,2024-09-11,1876.67,7
POL103228,NJ,2025-02-10,756.97,1
POL103229,PA,2024-09-28,1139.64,5
POL103230,FL,2025-06-01,772.6,8
POL103231,NJ,2024-07-01,1055.78,2
POL103232,PA,2024-08-25,972.09,11
POL103233,PA,2024-01-01,587.54,12
POL103234,FL,2024-03-31,1320.48,5
POL103235,PA,2025-03-27,1296.05,1
POL103236,NY,2024-04-25,780.61,13
POL103237,PA,2024-05-28,693.21,13
POL103238,PA,2024-02-02,606.31,12
POL103239,NY,2025-04-25,1177.73,2
POL103240,PA,2025-06-20,1573.49,8
POL103241,NY,2025-04-07,780.28,10
POL103242,NY,2024-08-16,1470.74,3
POL103243,FL,2025-03-26,1078.08,12
POL103244,FL,2024-05-23,1118.39,13
POL103245,PA,2024-11-03,873.63,14
POL103246,FL,2024-04-06,656.35,13
POL103247,NY,2024-11-14,1458.01,6
POL103248,CT,2024-11-26,1427.53,2
POL103249,CT,2024-02-26,1599.94,11
POL103250,NJ,2024-02-26,1299.02,12
POL103251,FL,2024-12-10,1086.2,6
POL103252,NY,2025-05-15,1472.75,5
POL103253,NY,2024-08-21,802.44,5
POL103254,NJ,2024-11-21,717.21,1
POL103255,FL,2024-04-16,1815.95,4
POL103256,NJ,2025-03-19,880.0,11
POL103257,NJ,2024-11-29,1377.19,7
POL103258,FL,2025-01-11,1415.44,2
POL103259,PA,2024-05-03,843.75,2
POL103260,NY,2025-01-01,1631.85,5
POL103261,NJ,2024-09-14,1035.2,12
POL103262,CT,2025-03-27,1347.51,8
POL103263,PA,2024-11-07,1201.34,1
POL103264,FL,2025-02-18,963.79,7
POL103265,NJ,2024-05-21,1066.41,9
POL103266,PA,2024-08-26,973.58,1
POL103267,FL,2025-05-12,938.24,4
POL103268,NY,2024-03-27,782.7,5
POL103269,NY,2025-04-17,642.49,6
POL103270,FL,2024-06-07,741.27,0
POL103271,NY,2024-05-08,1146.8,2
POL103272,NJ,2024-09-22,1967.53,8
POL103273,NJ,2024-10-11,1399.08,9
POL103274,NJ,2024-06-05,717.26,11
POL103275,NJ,2024-04-29,793.39,5
POL103276,PA,2024-07-12,589.55,15
POL103277,CT,2024-08-07,970.25,2
POL103278,CT,2025-02-06,1375.5,12
POL103279,PA,2025-05-02,1449.11,14
POL103280,NJ,2024-02-27,740.5,10
POL103281,PA,2025-06-28,761.03,15
POL103282,NJ,2024-10-09,1065.3,11
POL103283,CT,2025-05-04,2334.65,12
POL103284,NJ,2024-10-20,1607.06,3
POL103285,NY,2024-09-09,874.47,5
POL103286,FL,2025-01-06,712.22,5
POL103287,FL,2024-07-03,1235.33,13
POL103288,NJ,2024-03-10,1818.83,1
POL103289,PA,2025-02-25,2041.83,7
POL103290,PA,2024-10-13,607.48,6
POL103291,NY,2025-04-18,723.6,11
POL103292,NJ,2025-06-10,995.33,5
POL103293,NY,2024-11-13,780.82,5
POL103294,FL,2025-03-27,818.93,12
POL103295,NY,2024-04-29,2025.36,5
POL103296,FL,2024-09-30,2124.13,8
POL103297,NY,2025-06-10,1281.49,13
POL103298,FL,2024-02-05,536.14,5
POL103299,PA,2024-06-30,1069.94,15
POL103300,PA,2024-09-10,844.06,13
POL103301,NJ,2024-02-29,1916.82,9
POL103302,NJ,2024-10-04,508.55,6
POL103303,NY,2024-08-20,968.16,8
POL103304,CT,2025-03-01,1444.08,3
POL103305,NY,2024-01-18,825.65,14
POL103306,NJ,2025-03-12,1099.3,14
POL103307,NJ,2024-05-11,1183.16,2
POL103308,FL,2024-10-05,1258.14,10
POL103309,FL,2025-02-05,608.88,1
POL103310,NY,2025-04-09,695.05,13
POL103311,PA,2024-01-24,879.76,13
POL103312,FL,2024-01-03,948.36,1
POL103313,NY,2024-01-15,1128.64,7
POL103314,PA,2025-04-02,693.49,14
POL103315,PA,2024-07-25,1268.5,7
POL103316,NY,2025-06-12,1300.47,15
POL103317,FL,2025-05-03,1166.39,13
POL103318,NY,2025-06-09,1457.82,14
POL103319,PA,2024-02-12,1296.42,3
POL103320,NY,2025-02-08,768.03,9
POL103321,NY,2024-07-15,849.46,7
POL103322,NY,2025-04-19,668.28,9
POL103323,FL,2024-10-27,2618.55,15
POL103324,NJ,2024-09-13,782.6,0
POL103325,PA,2025-03-23,770.94,0
POL103326,FL,2024-08-31,618.19,4
POL103327,FL,2024-07-16,1299.27,2
POL103328,NY,2024-11-02,1227.35,9
POL103329,FL,2025-06-10,1209.25,1
POL103330,FL,2024-03-04,932.57,4
POL103331,FL,2024-05-29,627.23,9
POL103332,NY,2025-03-31,1961.2,11
POL103333,PA,2025-02-23,702.14,13
POL103334,NY,2024-06-13,1002.75,12
POL103335,PA,2025-06-06,837.01,6
POL103336,PA,2024-08-14,868.67,10
POL103337,NY,2024-03-15,1346.36,15
POL103338,NJ,2024-01-24,940.28,7
POL103339,FL,2025-04-04,1381.7,6
POL103340,PA,2024-05-22,1718.75,13
POL103341,FL,2024-06-08,749.4,8
POL103342,NJ,2024-12-06,1284.81,12
POL103343,PA,2025-05-19,800.26,12
POL103344,FL,2024-10-09,1066.33,5
POL103345,PA,2024-07-18,1294.91,9
POL103346,FL,2024-06-18,994.87,7
POL103347,PA,2025-04-27,677.7,9
POL103348,NY,2024-08-03,713.24,14
POL103349,NY,2024-12-05,1565.49,11
POL103350,NY,2024-10-11,851.99,11
POL103351,FL,2024-09-14,1134.99,0
POL103352,CT,2025-03-28,1027.83,0
POL103353,NJ,2025-01-26,1015.25,2
POL103354,NY,2025-03-04,994.07,1
POL103355,NY,2025-01-11,938.05,8
POL103356,CT,2024-03-01,1143.52,10
POL103357,NJ,2024-01-16,1091.12,4
POL103358,NY,2025-04-23,1965.8,10
POL103359,NY,2025-02-04,1016.78,10
POL103360,PA,2024-05-11,731.42,12
POL103361,NY,2024-02-23,1511.83,4
POL103362,NJ,2025-03-26,894.0,9
POL103363,NY,2024-06-13,1254.9,3
POL103364,NY,2024-04-25,1060.33,13
POL103365,NY,2024-11-20,903.96,6
POL103366,FL,2025-04-24,1425.83,14
POL103367,NY,2025-04-02,751.54,0
POL103368,NY,2025-06-02,600.85,6
POL103369,NY,2024-10-24,1054.96,12
POL103370,NY,2025-04-02,1127.45,7
POL103371,NY,2024-08-11,908.64,15
POL103372,NJ,2025-05-19,845.41,13
POL103373,NY,2025-01-14,1252.22,8
POL103374,NY,2024-01-10,1025.42,14
POL103375,NJ,2024-03-11,1238.89,9
POL103376,PA,2024-10-31,1638.28,15
POL103377,NY,2024-04-26,1042.91,14
POL103378,NJ,2024-09-27,1417.96,1
POL103379,CT,2024-05-08,931.25,5
POL103380,NY,2024-12-17,1445.48,1
POL103381,PA,2024-07-15,822.4,14
POL103382,NY,2024-10-01,1785.35,5
POL103383,FL,2024-12-07,907.62,6
POL103384,PA,2024-04-13,1174.28,2
POL103385,PA,2025-01-15,1367.18,14
POL103386,NJ,2024-05-11,934.07,12
POL103387,PA,2024-06-01,702.99,9
POL103388,NY,2024-06-05,700.87,15
POL103389,NJ,2024-11-09,1284.47,13
POL103390,FL,2025-04-01,985.22,10
POL103391,NY,2024-04-23,835.97,8
POL103392,NY,2024-01-29,1275.18,9
POL103393,NJ,2024-12-26,1248.51,13
POL103394,NY,2024-03-03,1444.0,4
POL103395,NY,2024-11-03,933.07,10
POL103396,NY,2024-08-07,826.55,8
POL103397,NY,2024-01-02,1041.52,2
POL103398,FL,2024-07-21,1691.18,11
POL103399,NJ,2025-02-04,1094.8,5
POL103400,FL,2024-10-13,1024.93,6
POL103401,PA,2024-09-02,2298.62,2
POL103402,NY,2024-07-05,983.39,9
POL103403,CT,2024-03-29,1303.39,14
POL103404,PA,2024-01-22,1095.2,14
POL103405,NY,2024-09-14,1208.26,0
POL103406,NJ,2025-01-17,1415.3,8
POL103407,NY,2024-04-19,1215.29,7
POL103408,FL,2025-03-25,1825.46,8
POL103409,NY,2025-02-20,922.84,0
POL103410,FL,2024-02-24,630.38,9
POL103411,NY,2024-03-31,446.36,6
POL103412,NY,2025-04-11,1016.33,10
POL103413,NJ,2025-01-08,1200.02,11
POL103414,PA,2024-04-06,494.12,1
POL103415,PA,2024-05-29,1133.36,12
POL103416,NJ,2024-04-18,1145.14,14
POL103417,NY,2025-01-08,2205.26,4
POL103418,NY,2024-06-07,980.38,15
POL103419,NJ,2025-06-29,1082.19,7
POL103420,PA,2025-01-13,720.78,14
POL103421,FL,2025-02-22,1331.45,15
POL103422,FL,2024-05-22,1236.84,15
POL103423,FL,2024-07-26,739.86,10
POL103424,PA,2024-03-06,1026.51,6
POL103425,NJ,2025-02-02,1627.54,7
POL103426,NY,2024-07-25,1052.69,9
POL103427,NY,2024-10-21,1472.25,14
POL103428,NY,2024-10-29,1393.8,14
POL103429,NY,2024-07-22,1404.72,0
POL103430,NJ,2024-03-25,984.26,6
POL103431,CT,2024-03-29,1785.1,3
POL103432,PA,2024-07-16,1004.18,8
POL103433,PA,2024-08-14,1597.69,11
POL103434,NY,2025-06-09,1114.02,7
POL103435,FL,2025-01-23,1437.04,10
POL103436,FL,2024-03-12,1800.34,5
POL103437,NJ,2025-04-23,828.04,0
POL103438,NY,2024-12-16,1522.25,6
POL103439,NJ,2024-07-30,638.89,8
POL103440,NJ,2024-10-06,1487.28,9
POL103441,FL,2025-03-01,1493.76,9
POL103442,PA,2025-04-13,875.95,4
POL103443,NY,2025-05-16,984.87,5
POL103444,NY,2024-11-08,1185.99,13
POL103445,PA,2025-01-21,967.93,12
POL103446,PA,2025-02-18,675.02,0
POL103447,FL,2025-03-04,383.91,8
POL103448,NY,2024-01-08,3039.11,12
POL103449,NY,2024-04-13,700.45,11
POL103450,FL,2024-04-28,1115.5,0
POL103451,PA,2024-11-25,692.46,8
POL103452,NJ,2024-07-29,1178.62,7
POL103453,NJ,2024-09-05,2540.46,13
POL103454,FL,2025-06-12,697.26,11
POL103455,FL,2024-09-22,1133.41,15
POL103456,NY,2024-09-02,1594.76,12
POL103457,PA,2025-04-13,1349.9,4
POL103458,PA,2024-10-25,1903.89,14
POL103459,NY,2024-01-10,1291.43,11
POL103460,CT,2025-06-24,998.54,13
POL103461,PA,2024-12-16,1316.18,13
POL103462,PA,2025-04-10,1626.27,8
POL103463,PA,2025-04-11,1478.57,15
POL103464,NY,2025-01-24,1094.46,6
POL103465,PA,2024-06-26,866.23,15
POL103466,CT,2025-05-19,1844.31,3
POL103467,NY,2024-12-20,1171.31,4
POL103468,NJ,2025-02-16,1324.9,3
POL103469,NY,2024-05-05,1651.22,12
POL103470,FL,2024-07-06,1259.74,1
POL103471,FL,2024-01-28,741.97,15
POL103472,FL,2024-11-25,730.77,7
POL103473,NJ,2024-05-02,1343.82,7
POL103474,FL,2024-12-12,955.45,3
POL103475,CT,2025-06-29,944.4,14
POL103476,NY,2024-08-28,1274.86,13
POL103477,PA,2025-04-16,1253.18,2
POL103478,NY,2025-03-21,1003.29,3
POL103479,NY,2024-08-04,590.87,8
POL103480,FL,2025-04-19,680.38,4
POL103481,NJ,2024-09-27,479.25,2
POL103482,FL,2024-12-09,1010.41,7
POL103483,NJ,2024-10-15,1576.61,6
POL103484,CT,2024-02-06,1226.71,3
POL103485,FL,2024-12-21,847.97,6
POL103486,NY,2025-06-01,1006.86,12
POL103487,PA,2024-07-19,1084.89,5
POL103488,NJ,2024-09-06,606.72,8
POL103489,NY,2024-01-01,1147.91,11
POL103490,NY,2025-03-18,974.31,1
POL103491,PA,2024-05-10,1066.61,10
POL103492,FL,2025-05-23,1101.62,0
POL103493,NY,2024-08-11,1321.8,13
POL103494,NY,2024-01-01,1881.51,6
POL103495,NY,2024-07-30,969.69,12
POL103496,FL,2024-06-06,1071.34,7
POL103497,FL,2024-02-14,804.32,6
POL103498,PA,2025-03-04,988.77,5
POL103499,FL,2024-11-29,1640.06,0
POL103500,PA,2024-12-06,707.68,10
POL103501,FL,2024-04-11,631.95,1
POL103502,PA,2024-06-16,1033.42,0
POL103503,NJ,2024-06-28,958.23,15
POL103504,NY,2024-03-17,1241.15,14
POL103505,PA,2024-02-06,1470.45,11
POL103506,NY,2024-10-17,1595.86,12
POL103507,NY,2025-03-06,819.32,4
POL103508,NJ,2025-05-07,702.12,1
POL103509,NJ,2025-01-03,1163.44,9
POL103510,NY,2025-01-02,1391.84,4
POL103511,NJ,2024-08-19,823.77,2
POL103512,NY,2024-12-30,917.12,6
POL103513,CT,2024-05-19,726.15,3
POL103514,PA,2024-01-06,797.04,1
POL103515,NY,2024-10-01,1220.85,3
POL103516,NY,2025-03-23,1210.6,5
POL103517,FL,2024-03-24,1079.34,10
POL103518,NJ,2024-01-27,1510.7,13
POL103519,FL,2024-01-15,589.05,2
POL103520,NY,2024-04-11,1031.96,12
POL103521,NY,2025-01-01,1194.8,11
POL103522,NY,2024-07-25,1267.98,5
POL103523,FL,2024-02-01,1244.46,12
POL103524,NY,2024-02-16,1102.72,12
POL103525,PA,2024-05-10,713.28,13
POL103526,PA,2024-12-07,947.05,2
POL103527,NY,2025-01-26,1199.11,7
POL103528,FL,2025-03-17,564.9,4
POL103529,NY,2024-11-09,879.08,15
POL103530,PA,2024-07-11,1374.19,15
POL103531,NY,2025-06-11,974.21,1
POL103532,NJ,2024-01-30,1285.6,10
POL103533,PA,2025-05-23,850.96,2
POL103534,PA,2024-07-18,642.73,11
POL103535,NY,2024-05-02,810.21,11
POL103536,FL,2025-03-04,765.53,1
POL103537,CT,2024-09-07,687.12,11
POL103538,FL,2024-07-16,1482.57,3
POL103539,PA,2025-01-16,782.98,15
POL103540,PA,2024-10-31,1173.87,14
POL103541,NY,2024-11-18,1297.36,1
POL103542,NY,2024-08-02,924.2,0
POL103543,NY,2025-04-18,751.77,14
POL103544,NJ,2025-03-04,1481.35,12
POL103545,PA,2024-07-27,942.91,2
POL103546,NJ,2024-08-25,1249.3,11
POL103547,FL,2024-06-13,1058.19,3
POL103548,NY,2024-01-16,1241.39,14
POL103549,FL,2025-06-27,1296.0,5
POL103550,NJ,2025-06-05,575.17,2
POL103551,NJ,2024-06-16,707.91,13
POL103552,NJ,2024-07-14,640.05,2
POL103553,NY,2024-11-08,1039.86,0
POL103554,CT,2024-09-11,1115.75,14
POL103555,PA,2024-09-06,1448.2,6
POL103556,NY,2024-05-18,1234.47,0
POL103557,NJ,2024-03-22,849.87,14
POL103558,CT,2024-07-17,1123.79,2
POL103559,PA,2025-03-30,1238.04,10
POL103560,PA,2025-05-25,676.54,13
POL103561,PA,2024-04-28,884.91,1
POL103562,FL,2024-04-03,945.63,9
POL103563,NJ,2025-06-14,1142.95,15
POL103564,FL,2025-02-16,1300.97,15
POL103565,NJ,2025-02-24,2021.44,5
POL103566,NY,2024-02-10,909.89,7
POL103567,FL,2024-07-18,1006.36,15
POL103568,CT,2024-09-08,829.57,8
POL103569,PA,2024-03-14,898.55,10
POL103570,NY,2025-06-18,1036.29,7
POL103571,NJ,2025-05-09,2267.51,13
POL103572,PA,2025-04-20,596.16,12
POL103573,FL,2024-05-10,1622.3,2
POL103574,NY,2024-06-21,1404.48,2
POL103575,NY,2024-10-29,1670.31,6
POL103576,FL,2024-08-06,1111.97,13
POL103577,NJ,2024-05-18,581.03,4
POL103578,NY,2025-04-23,757.55,1
POL103579,NJ,2024-05-12,1584.77,9
POL103580,NY,2025-04-03,1509.42,10
POL103581,NY,2024-09-21,1242.1,10
POL103582,CT,2024-09-26,983.54,1
POL103583,FL,2024-07-06,1530.19,13
POL103584,NY,2025-04-16,1071.61,14
POL103585,NY,2025-01-27,1347.65,13
POL103586,FL,2024-12-19,973.34,15
POL103587,PA,2024-11-05,848.5,5
POL103588,NJ,2024-01-22,921.74,12
POL103589,NJ,2025-06-14,2559.72,11
POL103590,FL,2024-09-13,1237.25,5
POL103591,NY,2024-12-07,1133.18,13
POL103592,NY,2025-01-22,1497.6,4
POL103593,NY,2024-02-04,514.56,11
POL103594,NJ,2025-06-17,1087.5,15
POL103595,NY,2025-06-01,1433.94,4
POL103596,FL,2025-06-25,1323.48,13
POL103597,PA,2024-07-23,985.39,13
POL103598,PA,2024-04-16,1236.78,3
POL103599,NY,2024-05-27,789.63,10
POL103600,FL,2024-04-27,914.68,14
POL103601,NY,2024-09-19,1547.0,9
POL103602,FL,2025-01-03,899.17,5
POL103603,NY,2024-01-11,738.95,3
POL103604,FL,2024-02-14,1168.73,12
POL103605,NJ,2025-04-19,1501.58,11
POL103606,FL,2025-01-20,1584.04,11
POL103607,NJ,2025-04-23,1052.91,14
POL103608,FL,2024-04-12,1133.93,13
POL103609,NY,2025-02-23,1038.86,5
POL103610,FL,2025-04-12,1645.89,5
POL103611,PA,2025-04-15,909.65,13
POL103612,FL,2024-08-10,1464.19,2
POL103613,PA,2024-01-17,1247.78,8
POL103614,NY,2024-07-14,1116.35,5
POL103615,FL,2024-09-19,827.28,1
POL103616,FL,2025-05-09,853.15,15
POL103617,NY,2024-01-08,1383.45,2
POL103618,FL,2025-04-27,968.84,5
POL103619,PA,2025-02-19,1512.71,7
POL103620,FL,2024-12-22,914.52,9
POL103621,CT,2025-04-13,1057.06,3
POL103622,FL,2024-07-06,542.91,4
POL103623,NY,2024-09-07,652.78,4
POL103624,NY,2024-11-27,726.67,9
POL103625,PA,2024-07-26,930.88,8
POL103626,NY,2024-08-12,748.89,6
POL103627,NJ,2025-06-25,1085.84,14
POL103628,NJ,2024-10-31,1680.84,2
POL103629,NY,2024-04-05,1343.17,3
POL103630,NY,2024-09-11,1967.82,8
POL103631,NY,2024-03-15,832.63,6
POL103632,PA,2024-01-24,408.41,12
POL103633,NY,2024-06-05,743.42,11
POL103634,NJ,2025-05-07,599.07,0
POL103635,NY,2024-07-23,619.36,0
POL103636,NY,2024-02-02,750.08,9
POL103637,NJ,2024-11-25,2372.07,9
POL103638,FL,2024-01-06,1226.01,11
POL103639,FL,2024-09-11,1048.59,0
POL103640,NJ,2024-08-21,1075.01,3
POL103641,NJ,2024-05-01,2128.17,10
POL103642,CT,2024-01-11,817.56,13
POL103643,NY,2024-09-23,1089.23,9
POL103644,NY,2024-11-24,1816.6,1
POL103645,NY,2024-05-24,1018.29,6
POL103646,NJ,2024-03-18,1072.07,8
POL103647,FL,2024-09-17,1081.04,14
POL103648,PA,2024-10-30,1742.97,0
POL103649,NY,2025-01-28,384.16,4
POL103650,CT,2024-06-11,1028.09,7
POL103651,NY,2025-03-26,1578.17,4
POL103652,NJ,2025-05-22,944.4,7
POL103653,NJ,2025-02-03,1128.76,13
POL103654,NJ,2024-07-12,1067.39,14
POL103655,FL,2025-03-06,1224.79,0
POL103656,NY,2024-12-08,1017.32,7
POL103657,PA,2025-04-13,772.51,6
POL103658,PA,2025-03-17,1258.43,5
POL103659,FL,2024-10-04,2203.47,1
POL103660,PA,2024-03-14,1479.85,11
POL103661,CT,2024-05-26,2385.3,13
POL103662,FL,2024-09-25,697.2,4
POL103663,NY,2025-01-01,890.92,12
POL103664,PA,2024-05-23,604.58,3
POL103665,NY,2024-03-26,1600.28,10
POL103666,NY,2024-12-05,1078.96,13
POL103667,FL,2025-03-27,1425.22,12
POL103668,FL,2024-10-29,1152.0,1
POL103669,PA,2025-04-07,1416.36,8
POL103670,PA,2024-10-04,1584.65,0
POL103671,NY,2024-03-12,871.07,4
POL103672,PA,2025-04-12,1161.88,1
POL103673,NY,2024-12-21,1247.29,12
POL103674,NY,2024-09-03,1066.26,12
POL103675,NY,2024-06-24,1116.62,9
POL103676,PA,2024-03-28,708.32,6
POL103677,NY,2025-05-06,525.08,2
POL103678,NJ,2024-03-03,851.63,10
POL103679,NY,2024-06-10,1134.48,3
POL103680,PA,2024-02-29,559.15,1
POL103681,FL,2024-12-11,1584.06,9
POL103682,CT,2025-05-05,1676.62,1
POL103683,NY,2025-03-18,1381.81,0
POL103684,NY,2025-05-14,1881.65,14
POL103685,NY,2024-12-01,1207.44,0
POL103686,CT,2025-02-12,2983.49,11
POL103687,FL,2024-09-17,1426.92,15
POL103688,NY,2025-01-07,1448.94,14
POL103689,FL,2024-08-05,476.78,11
POL103690,NY,2024-07-19,1305.37,6
POL103691,PA,2024-11-11,1398.35,7
POL103692,PA,2025-06-27,1456.13,10
POL103693,NJ,2024-02-23,1313.18,7
POL103694,FL,2024-12-06,908.44,7
POL103695,PA,2024-01-09,540.26,1
POL103696,PA,2025-03-04,1298.67,9
POL103697,FL,2025-02-13,915.43,0
POL103698,NY,2025-05-24,723.92,4
POL103699,CT,2024-10-10,814.99,2
POL103700,PA,2024-01-23,1025.0,10
POL103701,NY,2024-09-09,986.16,4
POL103702,NY,2024-10-16,676.86,7
POL103703,NY,2024-04-12,1532.16,2
POL103704,CT,2025-02-13,861.49,4
POL103705,CT,2025-03-15,1114.74,12
POL103706,NY,2025-01-21,963.75,7
POL103707,NJ,2024-02-23,2140.63,5
POL103708,NJ,2025-03-15,1030.28,7
POL103709,CT,2024-05-11,491.13,14
POL103710,PA,2024-02-16,1547.14,7
POL103711,FL,2025-02-11,669.44,2
POL103712,NJ,2024-05-12,863.66,15
POL103713,PA,2024-03-25,2090.37,7
POL103714,NJ,2024-02-07,1277.64,14
POL103715,NY,2024-01-07,2550.15,6
POL103716,PA,2024-03-28,1020.59,12
POL103717,FL,2024-06-25,1987.18,0
POL103718,FL,2024-08-22,1487.92,8
POL103719,PA,2024-12-24,1338.77,6
POL103720,CT,2024-08-07,1686.55,0
POL103721,NY,2024-07-20,695.49,13
POL103722,PA,2024-08-16,1825.36,8
POL103723,CT,2024-05-17,2301.23,11
POL103724,PA,2025-04-07,1351.99,8
POL103725,CT,2024-02-10,1119.51,0
POL103726,FL,2025-06-25,1033.67,7
POL103727,NJ,2025-03-05,2377.09,3
POL103728,FL,2024-08-29,1754.3,0
POL103729,FL,2024-04-12,894.89,10
POL103730,NJ,2024-02-10,728.31,14
POL103731,NJ,2024-02-02,1140.63,15
POL103732,NY,2024-11-19,1442.67,1
POL103733,FL,2024-09-20,1346.37,2
POL103734,NY,2024-09-20,751.05,5
POL103735,NY,2024-01-12,1018.75,0
POL103736,FL,2025-05-06,1064.49,13
POL103737,NY,2024-11-08,941.91,11
POL103738,PA,2024-01-09,1321.42,11
POL103739,FL,2024-05-27,1517.61,0
POL103740,FL,2024-09-10,777.16,2
POL103741,NJ,2024-02-01,1240.46,0
POL103742,CT,2024-03-25,932.65,11
POL103743,NJ,2024-10-12,1022.11,13
POL103744,NY,2025-02-04,955.35,14
POL103745,NJ,2025-05-25,962.97,2
POL103746,NJ,2025-05-31,1208.3,12
POL103747,NY,2025-06-01,1882.91,5
POL103748,FL,2025-04-09,997.76,12
POL103749,FL,2025-03-27,1058.81,1
POL103750,NJ,2024-08-27,1105.13,7
POL103751,FL,2025-03-14,876.43,3
POL103752,CT,2024-12-24,1475.59,8
POL103753,PA,2024-06-24,1575.59,5
POL103754,NY,2024-08-10,1029.69,1
POL103755,NY,2024-01-23,1080.99,9
POL103756,NJ,2024-06-23,1462.72,13
POL103757,NJ,2024-11-30,958.34,3
POL103758,FL,2024-10-13,1510.41,4
POL103759,PA,2024-09-23,1248.31,9
POL103760,NJ,2024-12-16,1545.83,5
POL103761,NY,2024-03-01,1305.54,5
POL103762,CT,2024-03-20,1055.53,8
POL103763,PA,2024-11-15,937.02,6
POL103764,NY,2025-02-02,410.14,3
POL103765,CT,2025-05-14,1413.39,5
POL103766,NJ,2025-01-30,1530.62,11
POL103767,NJ,2024-12-01,1224.89,11
POL103768,CT,2024-07-09,1122.68,12
POL103769,NY,2024-01-31,830.86,13
POL103770,FL,2024-01-23,936.44,12
POL103771,CT,2025-06-24,2461.27,5
POL103772,NY,2024-10-14,600.89,13
POL103773,CT,2025-02-10,1629.45,5
POL103774,NY,2024-04-21,1168.57,15
POL103775,NJ,2025-06-22,1063.65,10
POL103776,PA,2024-06-21,970.28,8
POL103777,NY,2024-11-23,1362.0,14
POL103778,PA,2024-08-15,749.8,11
POL103779,PA,2024-01-20,735.82,11
POL103780,NY,2024-01-18,1674.54,15
POL103781,CT,2024-11-14,1622.26,3
POL103782,NY,2024-11-26,1238.91,14
POL103783,NY,2024-03-26,822.68,12
POL103784,NJ,2024-12-26,1155.33,1
POL103785,PA,2024-02-11,902.66,1
POL103786,PA,2025-02-16,1151.15,13
POL103787,NY,2024-12-13,1494.42,2
POL103788,NJ,2024-08-12,1144.25,4
POL103789,NJ,2024-10-20,1260.96,0
POL103790,NJ,2024-08-09,1489.2,12
POL103791,PA,2025-05-31,1564.33,15
POL103792,FL,2024-11-21,827.2,4
POL103793,NY,2024-03-20,967.91,5
POL103794,PA,2025-01-03,868.1,3
POL103795,NY,2024-01-02,779.21,9
POL103796,NJ,2024-05-14,638.49,9
POL103797,CT,2024-11-06,529.6,8
POL103798,NY,2025-03-04,1338.39,14
POL103799,FL,2025-02-18,1321.01,9
POL103800,PA,2024-04-16,1264.03,12
POL103801,NY,2024-09-23,1272.65,12
POL103802,NJ,2024-07-05,1430.76,14
POL103803,PA,2024-11-26,1150.55,1
POL103804,NJ,2024-07-08,1699.92,11
POL103805,FL,2024-09-29,995.04,13
POL103806,PA,2024-09-09,649.82,11
POL103807,NY,2024-03-30,1616.58,4
POL103808,NJ,2025-02-28,1778.63,3
POL103809,CT,2025-01-19,613.33,14
POL103810,NY,2024-09-20,1262.03,0
POL103811,NY,2024-08-02,852.17,2
POL103812,NY,2025-01-12,1076.48,4
POL103813,FL,2024-11-17,1503.87,13
POL103814,CT,2024-01-14,1099.37,13
POL103815,CT,2025-06-06,1011.04,13
POL103816,NJ,2024-02-05,577.0,11
POL103817,NY,2024-01-03,1589.63,11
POL103818,CT,2024-03-14,616.87,2
POL103819,FL,2025-02-06,1465.52,13
POL103820,PA,2024-11-18,717.7,5
POL103821,FL,2024-11-11,787.09,0
POL103822,PA,2024-02-11,1422.12,0
POL103823,NY,2025-06-06,782.04,5
POL103824,CT,2024-07-04,1020.05,4
POL103825,NJ,2025-02-11,622.95,7
POL103826,NY,2024-08-03,1009.62,5
POL103827,FL,2025-01-27,2153.88,8
POL103828,NY,2024-06-05,906.21,0
POL103829,FL,2024-06-18,1329.59,2
POL103830,FL,2024-07-29,1123.71,1
POL103831,FL,2025-03-23,1273.38,5
POL103832,CT,2024-06-07,2213.68,4
POL103833,PA,2025-02-02,1769.39,7
POL103834,PA,2025-01-16,1383.34,11
POL103835,PA,2024-04-18,1327.1,8
POL103836,FL,2024-11-15,600.39,9
POL103837,NY,2024-12-09,1447.46,14
POL103838,CT,2024-09-30,670.31,6
POL103839,FL,2024-04-05,1241.08,4
POL103840,NJ,2024-06-08,968.72,11
POL103841,CT,2024-02-17,964.04,7
POL103842,CT,2024-08-30,1192.98,13
POL103843,FL,2024-02-13,577.5,5
POL103844,PA,2025-01-10,749.6,5
POL103845,NY,2025-06-10,1716.04,15
POL103846,NJ,2025-06-27,562.67,0
POL103847,FL,2024-08-20,1005.92,12
POL103848,FL,2024-07-05,1820.92,8
POL103849,FL,2024-12-13,865.34,14
POL103850,FL,2024-09-10,885.01,14
POL103851,NY,2024-05-01,964.1,9
POL103852,FL,2024-08-02,1339.64,12
POL103853,PA,2024-10-13,761.24,10
POL103854,NY,2025-01-05,1186.06,0
POL103855,NJ,2024-01-09,964.92,5
POL103856,NJ,2024-08-25,1520.5,14
POL103857,FL,2024-02-21,1568.16,5
POL103858,NJ,2025-05-25,1611.82,8
POL103859,FL,2024-12-02,1027.76,1
POL103860,NJ,2025-03-18,1242.87,12
POL103861,PA,2025-05-07,580.65,10
POL103862,NY,2025-05-06,1540.86,14
POL103863,PA,2024-01-21,1017.86,1
POL103864,CT,2024-05-10,1014.94,0
POL103865,NJ,2024-10-16,535.63,1
POL103866,PA,2024-08-22,633.05,9
POL103867,NY,2025-06-05,1094.37,12
POL103868,NJ,2025-01-05,778.62,5
POL103869,FL,2024-01-08,1071.37,11
POL103870,NJ,2025-03-17,1581.18,8
POL103871,NY,2025-03-05,1440.37,5
POL103872,NJ,2024-05-22,1084.69,9
POL103873,NY,2025-01-13,833.29,6
POL103874,NJ,2024-08-23,1621.14,8
POL103875,NY,2024-06-07,1468.86,7
POL103876,PA,2025-01-06,1278.77,7
POL103877,NY,2025-01-13,1764.29,4
POL103878,FL,2024-12-28,1142.51,4
POL103879,CT,2024-02-04,843.74,5
POL103880,NJ,2025-02-24,1139.22,0
POL103881,PA,2024-01-25,825.66,1
POL103882,NJ,2024-10-26,1151.07,10
POL103883,NJ,2024-07-04,1020.9,6
POL103884,NY,2025-04-19,1541.04,13
POL103885,NY,2024-11-11,855.69,6
POL103886,PA,2024-03-04,1019.77,8
POL103887,NJ,2025-04-16,1221.17,14
POL103888,NJ,2024-09-12,1986.05,7
POL103889,NJ,2024-11-16,1188.08,14
POL103890,CT,2024-02-05,665.74,11
POL103891,NY,2024-07-13,977.15,11
POL103892,NY,2025-04-10,996.53,12
POL103893,NJ,2025-06-30,835.68,14
POL103894,PA,2024-12-14,1733.0,4
POL103895,CT,2025-02-07,1638.66,15
POL103896,NJ,2024-09-07,797.04,11
POL103897,FL,2024-08-08,1717.27,7
POL103898,PA,2024-09-23,1881.58,11
POL103899,NJ,2024-04-30,701.52,8
POL103900,PA,2024-11-08,448.36,10
POL103901,FL,2025-04-07,619.45,7
POL103902,PA,2024-12-01,1331.31,8
POL103903,NJ,2024-07-18,1780.31,2
POL103904,CT,2024-10-12,612.37,2
POL103905,CT,2024-09-04,1951.48,4
POL103906,NY,2024-12-10,1046.18,1
POL103907,NY,2025-04-08,1182.4,5
POL103908,NJ,2025-05-20,1065.5,1
POL103909,CT,2024-03-10,862.65,8
POL103910,PA,2024-03-19,1126.24,3
POL103911,CT,2025-02-09,1319.79,13
POL103912,NJ,2025-05-14,1294.98,6
POL103913,FL,2024-03-14,414.44,1
POL103914,NY,2024-12-14,1046.61,14
POL103915,NJ,2024-09-24,1110.76,5
POL103916,PA,2025-02-01,840.74,6
POL103917,FL,2025-04-09,928.15,9
POL103918,PA,2024-02-05,919.9,3
POL103919,NY,2024-05-09,638.24,2
POL103920,PA,2024-11-07,1058.99,0
POL103921,PA,2025-05-15,1291.45,9
POL103922,NY,2024-12-02,1601.32,0
POL103923,CT,2024-03-30,723.14,5
POL103924,FL,2025-01-21,2825.03,15
POL103925,NJ,2024-02-18,1914.48,0
POL103926,PA,2025-02-05,1717.25,2
POL103927,NJ,2024-11-26,1278.0,2
POL103928,PA,2024-08-12,909.87,9
POL103929,PA,2025-03-11,1819.58,12
POL103930,NY,2025-03-08,1456.98,7
POL103931,NY,2024-09-21,1262.25,14
POL103932,NJ,2025-04-20,1027.66,4
POL103933,NY,2024-06-30,1416.12,2
POL103934,NY,2024-10-03,1149.07,13
POL103935,NY,2025-04-26,707.59,3
POL103936,FL,2025-05-27,1262.9,6
POL103937,PA,2025-06-29,1322.27,4
POL103938,FL,2024-02-09,688.58,15
POL103939,NJ,2025-06-19,1421.75,13
POL103940,PA,2025-04-23,790.81,9
POL103941,PA,2025-05-30,1437.13,13
POL103942,CT,2025-02-08,1630.55,11
POL103943,CT,2025-02-15,525.12,13
POL103944,NY,2024-02-05,1083.82,6
POL103945,PA,2024-04-22,695.22,2
POL103946,NY,2024-04-16,1544.07,8
POL103947,CT,2025-01-16,1938.21,15
POL103948,PA,2024-10-31,911.68,9
POL103949,NY,2024-11-25,1198.07,9
POL103950,PA,2025-05-27,1111.82,5
POL103951,NY,2024-05-20,755.55,7
POL103952,NY,2024-02-04,909.87,2
POL103953,PA,2024-04-24,779.67,11
POL103954,NY,2024-03-28,877.9,13
POL103955,PA,2024-01-20,1404.96,6
POL103956,NY,2024-10-01,756.82,9
POL103957,NJ,2024-07-31,591.53,13
POL103958,NJ,2025-06-25,1890.64,15
POL103959,NJ,2024-12-20,488.63,12
POL103960,CT,2024-04-18,1720.23,10
POL103961,NY,2024-12-10,1305.48,12
POL103962,PA,2025-02-07,635.05,12
POL103963,NJ,2024-07-20,1573.74,14
POL103964,PA,2024-08-16,1126.87,13
POL103965,FL,2025-06-28,1088.26,3
POL103966,PA,2025-02-19,686.24,5
POL103967,CT,2025-03-17,759.25,0
POL103968,CT,2025-03-11,1702.02,8
POL103969,NY,2025-03-29,1129.29,4
POL103970,PA,2025-01-06,777.42,15
POL103971,FL,2024-10-09,1163.57,7
POL103972,FL,2024-06-02,1291.93,5
POL103973,PA,2024-01-05,1303.79,8
POL103974,PA,2024-11-21,1779.3,6
POL103975,NY,2025-01-23,2367.54,3
POL103976,NJ,2024-06-24,1653.77,10
POL103977,FL,2024-03-30,1163.54,7
POL103978,NJ,2024-04-01,625.3,11
POL103979,FL,2025-01-10,1328.96,1
POL103980,FL,2025-02-26,3816.29,13
POL103981,NY,2025-06-17,914.91,15
POL103982,PA,2025-03-30,1087.46,3
POL103983,NY,2024-01-21,1506.1,5
POL103984,PA,2024-10-11,735.99,15
POL103985,PA,2025-03-24,1145.92,11
POL103986,FL,2024-07-23,997.99,11
POL103987,PA,2025-06-02,1190.1,0
POL103988,NY,2024-12-17,1591.03,0
POL103989,CT,2024-06-12,1158.24,4
POL103990,FL,2024-03-14,758.67,0
POL103991,FL,2024-07-18,1943.89,10
POL103992,CT,2024-05-20,527.16,3
POL103993,PA,2024-09-05,1269.09,6
POL103994,PA,2024-03-10,1438.36,14
POL103995,FL,2024-11-27,1427.62,12
POL103996,NJ,2024-10-20,1574.3,10
POL103997,NY,2025-06-12,1327.33,5
POL103998,NY,2025-04-28,1071.5,12
POL103999,NJ,2025-03-29,1185.46,3
POL104000,NJ,2024-09-29,1367.91,6
POL104001,FL,2024-12-08,707.92,12
POL104002,NJ,2024-04-01,1480.19,0
POL104003,NY,2024-02-20,853.18,5
POL104004,NJ,2025-04-09,1303.98,11
POL104005,NY,2024-02-01,1533.03,7
POL104006,CT,2024-10-17,1416.99,12
POL104007,FL,2024-02-13,826.96,10
POL104008,CT,2024-02-10,855.54,13
POL104009,NJ,2024-11-19,967.55,13
POL104010,NJ,2025-05-13,1317.85,9
POL104011,NJ,2025-03-02,867.93,6
POL104012,PA,2024-05-15,2223.52,8
POL104013,PA,2024-06-19,744.11,9
POL104014,NJ,2024-05-31,1108.66,2
POL104015,FL,2024-01-24,1263.06,11
POL104016,PA,2025-02-15,1564.09,3
POL104017,NY,2025-01-18,755.07,2
POL104018,NJ,2024-11-13,1173.39,2
POL104019,PA,2024-08-07,998.18,15
POL104020,NJ,2024-12-28,1215.95,10
POL104021,FL,2025-03-06,1986.62,9
POL104022,CT,2025-04-28,725.42,15
POL104023,NY,2024-12-23,1097.88,5
POL104024,NJ,2025-06-08,1333.59,7
POL104025,CT,2024-12-22,961.4,13
POL104026,FL,2025-03-24,1248.06,8
POL104027,NY,2024-01-17,1304.86,8
POL104028,NY,2024-11-17,831.34,1
POL104029,NJ,2024-04-22,875.13,8
POL104030,FL,2024-11-04,830.9,14
POL104031,NY,2024-12-02,986.74,6
POL104032,NJ,2025-06-26,919.72,12
POL104033,PA,2024-12-24,1027.34,2
POL104034,NJ,2024-10-26,611.45,7
POL104035,NY,2024-05-24,721.92,3
POL104036,NY,2024-06-07,1832.98,1
POL104037,FL,2024-08-13,748.88,5
POL104038,NY,2025-04-16,1166.42,3
POL104039,NY,2024-11-08,1552.33,6
POL104040,PA,2025-05-02,723.79,11
POL104041,FL,2025-05-25,1250.92,1
POL104042,NJ,2024-09-06,728.15,4
POL104043,CT,2024-05-05,1129.16,3
POL104044,CT,2024-10-07,1854.55,4
POL104045,FL,2024-02-01,983.94,10
POL104046,NY,2024-03-02,1491.75,12
POL104047,NY,2024-03-23,1993.46,6
POL104048,NY,2025-03-10,973.26,9
POL104049,NJ,2024-01-16,633.7,6
POL104050,NY,2024-06-26,992.43,15
POL104051,NY,2025-04-03,1671.43,6
POL104052,PA,2025-02-17,1104.24,14
POL104053,NY,2024-06-15,658.87,10
POL104054,NY,2025-06-29,1176.41,5
POL104055,PA,2024-06-12,785.52,0
POL104056,NY,2024-11-08,831.54,6
POL104057,NY,2024-03-29,1558.01,15
POL104058,CT,2025-05-19,1203.34,4
POL104059,NJ,2025-01-10,924.88,1
POL104060,NJ,2024-12-05,974.45,2
POL104061,FL,2024-06-22,1242.79,14
POL104062,NJ,2024-01-23,535.11,0
POL104063,NY,2025-06-02,1193.63,15
POL104064,NJ,2024-05-31,1514.48,6
POL104065,NY,2025-02-05,1858.17,3
POL104066,NY,2024-04-12,726.73,1
POL104067,NJ,2024-08-10,1498.31,8
POL104068,PA,2024-09-17,1255.45,5
POL104069,NY,2025-01-23,1621.42,13
POL104070,CT,2024-11-28,965.96,4
POL104071,NY,2024-10-05,1021.34,11
POL104072,NJ,2024-11-05,999.77,11
POL104073,CT,2024-02-08,1337.15,6
POL104074,NY,2025-04-11,1215.92,9
POL104075,NY,2025-05-21,734.89,4
POL104076,NJ,2025-01-15,1443.6,10
POL104077,NY,2024-06-22,1312.52,2
POL104078,CT,2025-01-13,862.89,0
POL104079,PA,2024-04-01,885.77,5
POL104080,NY,2025-04-26,1225.38,13
POL104081,FL,2024-12-03,1310.45,2
POL104082,PA,2025-03-29,753.4,8
POL104083,NJ,2024-04-03,967.35,6
POL104084,PA,2024-08-17,1306.38,14
POL104085,PA,2024-09-15,956.79,3
POL104086,NY,2024-04-30,1854.56,11
POL104087,NJ,2024-09-09,1085.86,4
POL104088,NY,2024-11-15,1182.59,13
POL104089,NY,2024-09-22,1010.26,1
POL104090,NJ,2025-02-03,1060.64,9
POL104091,PA,2024-08-24,1465.97,2
POL104092,PA,2024-09-14,1470.58,2
POL104093,PA,2025-06-19,653.72,9
POL104094,NY,2024-05-02,1370.43,2
POL104095,CT,2024-12-10,1230.64,7
POL104096,FL,2024-12-11,774.64,7
POL104097,FL,2024-03-05,918.4,13
POL104098,PA,2024-07-07,1239.83,2
POL104099,NY,2024-11-26,827.28,3
POL104100,CT,2024-03-12,1002.2,1
POL104101,FL,2025-05-09,1442.9,6
POL104102,PA,2025-05-20,1040.01,15
POL104103,CT,2025-06-11,650.56,5
POL104104,FL,2024-07-18,1093.29,2
POL104105,PA,2025-01-31,1095.44,7
POL104106,FL,2025-01-03,1045.28,3
POL104107,NY,2025-05-28,1173.69,1
POL104108,NY,2025-06-23,1033.26,6
POL104109,FL,2024-05-16,1305.8,13
POL104110,PA,2024-03-16,1864.29,3
POL104111,FL,2024-10-23,828.96,15
POL104112,NY,2025-03-21,1481.69,9
POL104113,CT,2024-04-08,2210.69,3
POL104114,NY,2025-01-28,560.68,13
POL104115,PA,2024-01-23,1343.26,12
POL104116,NJ,2024-09-06,916.12,3
POL104117,PA,2024-04-20,1313.62,11
POL104118,NJ,2025-05-05,783.61,11
POL104119,FL,2025-04-03,1332.23,10
POL104120,PA,2024-02-05,1179.63,7
POL104121,FL,2024-09-12,570.85,9
POL104122,NJ,2024-08-19,1727.88,12
POL104123,FL,2024-08-15,944.39,0
POL104124,PA,2025-04-29,812.7,12
POL104125,NY,2024-09-24,877.19,8
POL104126,FL,2024-05-20,1506.74,11
POL104127,NY,2025-02-21,2281.51,10
POL104128,NJ,2025-05-21,498.91,11
POL104129,NY,2024-05-23,915.53,12
POL104130,NJ,2025-04-15,1523.92,14
POL104131,FL,2024-04-30,1126.75,12
POL104132,NY,2024-01-24,992.89,1
POL104133,PA,2024-02-11,665.64,13
POL104134,NY,2024-05-28,698.6,14
POL104135,PA,2024-09-30,1018.86,13
POL104136,PA,2025-05-25,920.38,0
POL104137,NY,2024-03-31,1212.31,0
POL104138,FL,2024-08-16,673.52,4
POL104139,FL,2024-02-20,1375.47,0
POL104140,CT,2024-05-16,1135.8,8
POL104141,NJ,2025-01-29,1690.5,9
POL104142,PA,2024-09-19,977.72,11
POL104143,CT,2025-05-17,1336.73,0
POL104144,PA,2024-04-01,1093.8,1
POL104145,PA,2025-03-16,1056.82,0
POL104146,PA,2024-04-17,1101.8,7
POL104147,NJ,2024-12-03,1488.64,6
POL104148,PA,2025-04-27,1086.52,4
POL104149,PA,2024-07-12,605.9,11
POL104150,FL,2025-03-20,556.59,10
POL104151,PA,2024-08-17,1005.75,7
POL104152,FL,2024-04-30,1189.97,13
POL104153,NY,2024-01-08,1257.19,3
POL104154,FL,2024-12-18,790.69,5
POL104155,FL,2024-02-24,1425.52,15
POL104156,NJ,2024-09-16,518.75,5
POL104157,PA,2025-06-15,908.17,14
POL104158,PA,2025-03-25,940.61,11
POL104159,FL,2025-05-02,991.51,7
POL104160,NY,2024-06-17,936.07,6
POL104161,NY,2024-08-13,1151.95,4
POL104162,CT,2024-08-17,1746.64,1
POL104163,PA,2025-05-31,1387.94,3
POL104164,NY,2024-09-18,1212.27,10
POL104165,NJ,2024-12-24,913.55,13
POL104166,PA,2025-03-16,1217.85,5
POL104167,FL,2024-05-02,1148.53,10
POL104168,NJ,2024-11-04,686.75,15
POL104169,CT,2024-01-01,1161.19,12
POL104170,FL,2025-02-01,1495.51,15
POL104171,PA,2024-12-14,1013.27,3
POL104172,FL,2024-04-17,956.52,5
POL104173,NJ,2024-11-11,926.5,5
POL104174,NY,2024-06-28,926.57,9
POL104175,NJ,2024-06-18,1192.51,2
POL104176,NJ,2025-04-30,1176.18,10
POL104177,PA,2024-12-31,1419.91,0
POL104178,PA,2024-06-12,1849.79,6
POL104179,NJ,2024-06-24,874.48,11
POL104180,CT,2024-07-27,922.7,13
POL104181,PA,2025-06-07,1276.03,2
POL104182,NY,2024-08-26,389.18,0
POL104183,NJ,2024-03-22,1221.52,9
POL104184,FL,2024-01-24,789.53,15
POL104185,FL,2024-07-24,1234.35,4
POL104186,NY,2024-03-30,1041.52,14
POL104187,CT,2025-01-12,1359.48,14
POL104188,CT,2025-02-05,1043.31,0
POL104189,NJ,2024-12-10,759.95,0
POL104190,FL,2024-05-09,1114.89,11
POL104191,PA,2025-05-08,929.8,1
POL104192,NJ,2025-03-23,1302.57,4
POL104193,NJ,2024-04-06,1115.26,1
POL104194,NJ,2025-05-28,1044.46,4
POL104195,PA,2024-07-06,1800.16,11
POL104196,PA,2024-02-03,1481.64,2
POL104197,NJ,2024-11-02,1530.29,12
POL104198,NJ,2024-11-17,1337.23,8
POL104199,NY,2024-08-07,683.2,14
POL104200,PA,2025-06-24,1916.36,14
POL104201,FL,2025-01-01,905.24,0
POL104202,FL,2024-04-03,996.35,3
POL104203,FL,2024-09-06,1117.1,9
POL104204,NY,2024-09-25,1899.79,2
POL104205,FL,2024-02-05,1658.87,10
POL104206,NY,2025-04-22,1330.03,12
POL104207,NJ,2024-10-04,1221.68,15
POL104208,NJ,2025-01-09,963.79,12
POL104209,NJ,2025-02-22,1697.96,8
POL104210,NJ,2024-09-08,2067.04,12
POL104211,NY,2025-06-27,838.01,9
POL104212,FL,2024-08-03,1083.81,5
POL104213,NY,2024-08-10,1020.15,7
POL104214,NJ,2024-08-29,997.85,12
POL104215,CT,2024-06-18,856.43,1
POL104216,FL,2024-10-09,1692.05,1
POL104217,NY,2024-06-17,659.02,13
POL104218,FL,2024-04-19,1915.02,8
POL104219,PA,2025-05-31,1672.51,10
POL104220,CT,2024-05-25,437.32,8
POL104221,PA,2024-05-07,720.39,14
POL104222,NY,2024-06-15,624.29,15
POL104223,NY,2025-05-14,1075.11,1
POL104224,NJ,2024-12-29,715.61,3
POL104225,NY,2024-04-02,986.95,6
POL104226,CT,2024-11-30,615.22,5
POL104227,NJ,2025-02-08,1460.01,13
POL104228,NJ,2024-06-21,817.71,8
POL104229,FL,2024-03-14,1075.21,6
POL104230,NY,2025-06-11,846.88,3
POL104231,PA,2025-01-21,1484.58,4
POL104232,NY,2024-10-16,896.58,2
POL104233,FL,2025-03-26,1290.94,8
POL104234,FL,2024-01-03,889.03,9
POL104235,CT,2024-03-14,1080.21,0
POL104236,NY,2025-06-13,1001.87,7
POL104237,FL,2024-06-10,862.99,4
POL104238,NJ,2024-08-20,1077.89,5
POL104239,PA,2025-04-07,795.62,15
POL104240,NY,2024-02-22,1647.55,7
POL104241,NY,2025-04-19,1004.31,4
POL104242,NJ,2025-03-13,892.96,13
POL104243,PA,2024-04-18,997.64,13
POL104244,CT,2024-01-24,1070.27,7
POL104245,FL,2024-10-09,1809.97,4
POL104246,FL,2025-05-26,739.68,1
POL104247,NY,2025-02-19,1570.24,13
POL104248,CT,2024-01-31,1914.05,12
POL104249,PA,2024-05-03,917.94,15
POL104250,NY,2024-09-17,615.72,13
POL104251,PA,2025-06-07,774.94,5
POL104252,PA,2025-06-03,1624.45,1
POL104253,PA,2024-05-18,1649.49,2
POL104254,NY,2024-03-31,910.85,4
POL104255,PA,2024-07-16,552.65,9
POL104256,FL,2024-12-16,821.3,10
POL104257,NJ,2024-05-10,1881.91,9
POL104258,PA,2025-01-09,1435.24,13
POL104259,FL,2025-05-11,967.84,5
POL104260,NJ,2024-04-11,1808.02,0
POL104261,NY,2024-09-07,970.67,9
POL104262,NJ,2024-03-19,1262.5,14
POL104263,NJ,2024-06-18,1701.36,2
POL104264,NY,2025-03-10,1114.55,0
POL104265,NY,2024-09-01,774.26,12
POL104266,NJ,2025-02-07,849.92,9
POL104267,FL,2024-12-06,1064.84,8
POL104268,PA,2024-05-16,923.01,0
POL104269,NY,2024-06-01,1198.65,15
POL104270,PA,2024-10-04,815.26,8
POL104271,PA,2024-01-18,494.86,12
POL104272,NY,2024-08-04,1029.24,0
POL104273,NY,2024-02-04,1964.17,6
POL104274,PA,2024-04-01,845.79,0
POL104275,NJ,2024-05-29,1142.68,8
POL104276,CT,2024-04-13,1712.13,15
POL104277,NJ,2024-12-11,1423.25,11
POL104278,NY,2024-08-27,1433.74,5
POL104279,CT,2024-01-20,1259.42,2
POL104280,NY,2025-03-14,918.42,4
POL104281,FL,2025-01-10,787.22,14
POL104282,NY,2025-01-28,1036.52,15
POL104283,FL,2025-06-04,1060.27,2
POL104284,NY,2024-11-06,732.24,4
POL104285,NY,2025-05-02,1183.68,1
POL104286,PA,2024-01-23,874.57,5
POL104287,NJ,2024-04-30,564.61,0
POL104288,FL,2024-07-14,838.58,4
POL104289,NY,2025-02-08,790.57,6
POL104290,NJ,2024-03-29,1410.36,14
POL104291,NY,2025-05-27,887.04,12
POL104292,PA,2025-06-16,1528.38,3
POL104293,FL,2024-06-23,1046.54,5
POL104294,NY,2024-10-12,728.98,4
POL104295,CT,2025-01-23,834.16,15
POL104296,NJ,2024-06-15,1751.15,4
POL104297,CT,2024-07-03,3917.22,5
POL104298,NJ,2025-03-22,1101.57,6
POL104299,PA,2024-11-24,1238.13,0
POL104300,NJ,2024-03-23,1160.11,4
POL104301,PA,2024-09-25,1075.82,13
POL104302,PA,2024-04-04,730.69,6
POL104303,NY,2024-05-03,868.2,9
POL104304,PA,2025-03-30,918.13,7
POL104305,CT,2024-07-11,1381.26,4
POL104306,CT,2025-03-01,1611.23,3
POL104307,CT,2024-12-27,995.39,5
POL104308,NJ,2024-05-25,1063.85,12
POL104309,NJ,2024-11-12,2271.15,11
POL104310,NJ,2025-01-21,815.44,9
POL104311,NY,2025-03-21,1228.65,13
POL104312,FL,2024-09-10,1377.61,6
POL104313,PA,2025-02-26,991.69,15
POL104314,CT,2024-11-29,3166.53,13
POL104315,NJ,2024-12-01,1037.34,3
POL104316,CT,2024-11-19,1438.13,1
POL104317,FL,2025-05-03,829.24,10
POL104318,PA,2024-02-16,1050.25,7
POL104319,NJ,2024-12-01,1115.58,5
POL104320,CT,2024-03-11,1206.32,9
POL104321,NY,2024-11-07,1519.37,1
POL104322,FL,2025-03-15,1205.41,5
POL104323,PA,2024-08-31,679.34,14
POL104324,FL,2024-01-21,1079.86,8
POL104325,NJ,2024-01-16,994.54,4
POL104326,NJ,2025-03-30,1626.99,7
POL104327,FL,2024-12-25,1680.24,0
POL104328,FL,2024-09-22,1562.25,0
POL104329,PA,2024-04-12,578.38,0
POL104330,PA,2024-10-01,714.57,8
POL104331,NJ,2024-09-23,731.15,15
POL104332,NY,2024-01-06,820.97,0
POL104333,FL,2025-02-03,740.17,14
POL104334,CT,2025-06-23,838.84,10
POL104335,CT,2024-07-29,1127.5,10
POL104336,FL,2024-02-25,1789.38,14
POL104337,NJ,2025-03-04,1331.8,6
POL104338,FL,2024-08-30,1123.09,12
POL104339,NJ,2025-02-10,1258.88,12
POL104340,PA,2024-07-27,969.35,7
POL104341,PA,2024-11-08,648.13,1
POL104342,CT,2025-01-06,1139.71,8
POL104343,PA,2025-02-19,1311.06,7
POL104344,PA,2025-02-08,1487.32,3
POL104345,NJ,2024-05-09,1256.97,7
POL104346,NJ,2025-03-05,1243.17,14
POL104347,NJ,2024-09-11,583.65,1
POL104348,NJ,2024-04-04,1064.73,3
POL104349,NJ,2024-02-23,1209.11,6
POL104350,PA,2025-04-08,920.97,9
POL104351,NY,2024-06-28,1086.54,0
POL104352,PA,2025-03-01,1221.54,13
POL104353,NY,2024-10-03,1250.54,9
POL104354,NY,2025-02-08,1383.4,12
POL104355,NJ,2024-02-28,945.47,15
POL104356,NY,2024-09-23,513.11,3
POL104357,CT,2024-09-22,828.06,14
POL104358,NJ,2025-04-13,1622.8,1
POL104359,PA,2025-06-10,1006.03,2
POL104360,NJ,2024-02-01,1383.12,11
POL104361,NY,2024-02-10,1111.39,2
POL104362,NJ,2024-10-22,855.78,9
POL104363,NY,2024-09-16,1888.04,1
POL104364,PA,2025-01-16,836.21,15
POL104365,NJ,2025-05-25,806.12,12
POL104366,PA,2024-01-24,617.38,8
POL104367,CT,2025-04-24,1009.27,15
POL104368,FL,2025-02-07,1081.39,1
POL104369,CT,2024-05-15,1225.64,0
POL104370,NY,2024-03-24,1761.47,8
POL104371,NJ,2024-04-04,2143.16,15
POL104372,PA,2025-05-16,1718.59,10
POL104373,CT,2024-08-25,1485.24,10
POL104374,CT,2024-08-20,1470.96,5
POL104375,NY,2024-04-05,1269.05,3
POL104376,FL,2024-07-19,1198.06,2
POL104377,NY,2025-04-09,665.61,13
POL104378,FL,2024-11-30,776.98,4
POL104379,NY,2025-01-14,430.27,9
POL104380,PA,2025-03-02,654.1,4
POL104381,NJ,2024-01-07,560.7,7
POL104382,FL,2024-03-15,1011.29,11
POL104383,CT,2024-07-15,722.93,11
POL104384,NY,2024-11-27,1299.99,9
POL104385,PA,2024-06-15,1027.24,8
POL104386,NY,2025-05-15,1402.96,13
POL104387,NY,2024-01-07,1510.68,3
POL104388,CT,2024-11-14,801.91,13
POL104389,FL,2024-09-05,896.03,2
POL104390,FL,2025-01-03,1178.51,9
POL104391,NY,2024-02-20,1102.45,8
POL104392,CT,2024-12-31,934.8,14
POL104393,CT,2025-03-02,660.77,9
POL104394,CT,2024-03-08,555.86,12
POL104395,PA,2024-10-26,1191.8,0
POL104396,NJ,2025-03-10,1938.29,5
POL104397,FL,2024-09-03,1165.0,3
POL104398,PA,2024-12-14,1050.55,9
POL104399,NY,2024-12-21,995.14,8
POL104400,NY,2025-01-26,1095.13,1
POL104401,PA,2024-10-29,1164.11,3
POL104402,NY,2024-10-28,1154.09,5
POL104403,CT,2024-06-06,1336.95,14
POL104404,FL,2024-06-28,1578.36,2
POL104405,PA,2024-02-21,2749.22,1
POL104406,NJ,2024-06-10,1333.66,11
POL104407,CT,2024-12-18,1290.95,4
POL104408,CT,2024-05-04,1047.53,3
POL104409,NJ,2024-02-01,1032.25,3
POL104410,NY,2024-12-05,1192.14,11
POL104411,FL,2025-06-04,1044.25,8
POL104412,CT,2025-05-13,699.11,4
POL104413,NY,2024-07-16,2144.93,6
POL104414,PA,2025-01-23,663.26,9
POL104415,NJ,2025-03-31,918.89,9
POL104416,NJ,2025-04-09,866.83,1
POL104417,NJ,2025-06-02,910.06,8
POL104418,PA,2024-08-06,2830.82,12
POL104419,NJ,2025-02-03,1097.52,3
POL104420,NJ,2024-04-24,970.84,2
POL104421,PA,2024-10-08,898.4,0
POL104422,NY,2025-01-13,2112.96,9
POL104423,FL,2024-05-05,1464.36,6
POL104424,NY,2025-04-17,1633.45,11
POL104425,FL,2024-12-05,746.69,1
POL104426,NY,2024-10-21,755.9,1
POL104427,NY,2025-04-06,1722.37,13
POL104428,NJ,2024-10-24,729.17,4
POL104429,NY,2025-02-18,2098.22,7
POL104430,NY,2024-05-12,2340.74,15
POL104431,CT,2025-04-30,1414.36,7
POL104432,NY,2025-04-15,1057.62,13
POL104433,CT,2025-02-19,688.45,14
POL104434,NJ,2025-04-18,714.35,1
POL104435,FL,2024-03-30,1012.06,8
POL104436,CT,2025-03-10,695.09,8
POL104437,NJ,2024-10-04,1881.59,5
POL104438,PA,2025-02-10,910.17,14
POL104439,NJ,2024-01-03,396.81,14
POL104440,NJ,2024-05-20,1568.18,11
POL104441,CT,2024-01-17,1449.92,9
POL104442,CT,2024-01-04,1427.12,11
POL104443,NJ,2024-01-21,872.86,5
POL104444,NJ,2024-04-26,1132.72,11
POL104445,FL,2025-04-01,1383.52,2
POL104446,PA,2024-04-19,1149.23,1
POL104447,FL,2024-07-25,1126.75,9
POL104448,PA,2024-03-03,1089.26,8
POL104449,CT,2024-02-20,1318.6,7
POL104450,NJ,2024-02-06,1008.86,1
POL104451,PA,2024-08-05,2383.18,12
POL104452,NY,2024-12-31,522.1,7
POL104453,NJ,2025-05-18,751.83,1
POL104454,NJ,2025-04-04,1222.51,2
POL104455,FL,2024-07-29,1692.58,0
POL104456,PA,2024-10-11,643.36,3
POL104457,CT,2024-01-24,1436.64,5
POL104458,NY,2024-05-27,841.9,8
POL104459,FL,2024-02-27,1049.55,0
POL104460,CT,2024-05-16,937.04,12
POL104461,FL,2024-01-09,2792.15,9
POL104462,PA,2025-03-09,721.18,2
POL104463,PA,2025-02-06,547.54,0
POL104464,FL,2024-06-30,893.05,14
POL104465,PA,2024-08-20,1273.5,1
POL104466,CT,2024-11-11,1008.48,13
POL104467,PA,2025-03-25,969.36,11
POL104468,PA,2024-06-22,510.72,2
POL104469,PA,2025-01-22,803.57,13
POL104470,NY,2025-02-12,1472.24,11
POL104471,PA,2024-09-11,953.58,15
POL104472,NY,2025-03-23,1153.76,13
POL104473,NJ,2025-02-20,909.17,15
POL104474,FL,2024-06-06,1412.81,10
POL104475,PA,2024-06-07,1720.46,9
POL104476,NY,2025-01-31,682.3,15
POL104477,FL,2024-12-15,1196.5,13
POL104478,NY,2024-04-28,881.97,11
POL104479,NY,2024-05-01,922.12,14
POL104480,NY,2024-01-13,1392.78,10
POL104481,NJ,2024-08-13,1011.29,2
POL104482,NY,2024-04-09,1176.68,10
POL104483,FL,2024-03-01,1281.26,7
POL104484,PA,2025-01-14,1078.29,7
POL104485,CT,2025-04-17,829.24,9
POL104486,FL,2025-04-01,1424.18,8
POL104487,CT,2025-02-03,1471.23,6
POL104488,PA,2024-09-25,1308.62,7
POL104489,PA,2025-06-21,775.18,13
POL104490,NJ,2024-06-12,901.31,9
POL104491,PA,2024-09-28,677.43,6
POL104492,CT,2024-10-26,792.63,1
POL104493,CT,2024-02-22,977.68,2
POL104494,NJ,2024-03-03,795.02,5
POL104495,NY,2025-04-04,1878.66,5
POL104496,PA,2024-05-04,649.58,10
POL104497,FL,2024-10-26,1171.16,3
POL104498,PA,2025-02-24,1403.04,14
POL104499,NY,2024-09-29,1799.34,8
POL104500,PA,2025-03-16,1600.07,7
POL104501,NY,2024-08-27,550.12,14
POL104502,FL,2025-03-01,600.89,14
POL104503,FL,2024-05-31,1188.41,11
POL104504,PA,2024-08-26,994.24,0
POL104505,NY,2024-07-08,1248.24,13
POL104506,NY,2025-04-09,1243.39,5
POL104507,NY,2024-08-02,1224.61,15
POL104508,PA,2025-01-21,1070.1,1
POL104509,PA,2024-08-27,2411.77,2
POL104510,NY,2024-10-15,956.06,12
POL104511,PA,2024-05-03,610.76,6
POL104512,PA,2024-06-08,751.64,6
POL104513,FL,2024-08-04,466.35,2
POL104514,NY,2024-06-02,1025.14,7
POL104515,PA,2024-11-25,1904.32,11
POL104516,NY,2024-05-05,732.19,11
POL104517,FL,2025-05-24,1185.26,14
POL104518,NY,2024-04-24,703.95,13
POL104519,NY,2024-01-09,1510.36,9
POL104520,NY,2024-02-12,763.6,15
POL104521,NY,2025-01-26,1738.78,0
POL104522,NY,2024-01-26,1418.74,4
POL104523,NY,2025-01-28,418.08,4
POL104524,NY,2024-11-16,2216.0,4
POL104525,NJ,2025-03-02,1123.69,5
POL104526,NJ,2025-05-06,789.04,1
POL104527,NJ,2025-03-22,1456.1,3
POL104528,NJ,2024-11-02,1549.2,0
POL104529,NJ,2024-12-25,1377.64,4
POL104530,NY,2024-04-27,767.23,9
POL104531,FL,2024-08-25,2701.83,5
POL104532,NJ,2024-08-29,1452.66,8
POL104533,NJ,2024-08-12,992.51,7
POL104534,CT,2024-12-22,1001.49,1
POL104535,FL,2024-04-08,706.94,1
POL104536,NJ,2024-01-07,1093.1,5
POL104537,FL,2024-10-03,642.28,1
POL104538,NY,2024-07-12,879.34,4
POL104539,FL,2024-08-07,1524.76,2
POL104540,NY,2025-01-10,874.22,1
POL104541,PA,2024-08-04,1661.69,14
POL104542,PA,2024-10-13,1437.0,12
POL104543,NY,2024-08-13,2370.75,15
POL104544,NY,2024-06-02,1299.17,5
POL104545,PA,2024-05-12,1308.1,6
POL104546,NJ,2024-09-30,885.26,8
POL104547,NJ,2025-04-25,1308.29,11
POL104548,NJ,2024-11-24,1820.42,13
POL104549,FL,2025-03-02,1410.46,12
POL104550,NY,2025-03-20,1070.69,7
POL104551,NJ,2024-07-16,667.51,6
POL104552,FL,2025-03-30,960.09,7
POL104553,PA,2024-07-03,888.97,14
POL104554,NY,2024-10-04,924.91,8
POL104555,PA,2025-02-12,2173.26,12
POL104556,NJ,2024-01-04,1379.79,7
POL104557,FL,2024-02-17,1516.09,9
POL104558,NY,2024-12-29,773.9,15
POL104559,FL,2024-02-27,998.44,7
POL104560,PA,2024-02-10,985.4,7
POL104561,CT,2025-04-27,625.72,6
POL104562,FL,2024-03-12,3320.52,2
POL104563,NY,2024-10-22,1586.81,11
POL104564,NY,2025-02-26,1057.97,10
POL104565,PA,2024-08-12,1168.77,1
POL104566,NJ,2025-03-22,1427.4,9
POL104567,NJ,2025-04-30,2150.78,10
POL104568,NJ,2025-04-23,1212.81,10
POL104569,NJ,2024-05-26,1559.07,15
POL104570,FL,2024-07-14,1269.15,5
POL104571,NY,2024-10-18,1491.94,12
POL104572,CT,2024-07-12,973.12,15
POL104573,NY,2025-03-04,1028.1,12
POL104574,NY,2024-04-24,611.75,11
POL104575,CT,2025-02-20,1481.46,8
POL104576,PA,2024-03-27,1426.36,6
POL104577,NJ,2024-12-20,988.71,1
POL104578,NY,2024-09-05,1010.73,9
POL104579,NJ,2024-11-24,1669.6,13
POL104580,PA,2025-03-11,855.91,0
POL104581,FL,2025-01-11,1013.84,3
POL104582,PA,2025-02-03,698.0,3
POL104583,NJ,2024-06-27,724.79,4
POL104584,PA,2025-02-15,1231.14,13
POL104585,CT,2025-02-19,1450.95,12
POL104586,NY,2024-10-23,1088.98,10
POL104587,FL,2025-06-11,751.28,5
POL104588,NY,2024-02-24,1078.7,14
POL104589,NY,2025-05-24,1199.37,15
POL104590,NY,2025-04-30,672.59,14
POL104591,NJ,2025-06-03,677.06,15
POL104592,NY,2024-01-26,985.52,1
POL104593,FL,2024-05-28,1986.13,11
POL104594,CT,2024-06-05,1663.22,8
POL104595,CT,2025-05-21,1188.65,11
POL104596,FL,2024-08-29,2064.4,0
POL104597,NJ,2024-05-03,913.86,11
POL104598,PA,2024-07-04,2276.01,5
POL104599,NY,2024-12-23,1643.47,14
POL104600,NY,2024-11-26,1524.6,9
POL104601,CT,2024-09-26,1218.26,10
POL104602,NY,2024-08-17,1454.35,0
POL104603,NJ,2025-02-16,636.47,9
POL104604,NY,2024-02-17,1226.06,1
POL104605,NY,2024-03-07,1464.85,7
POL104606,PA,2024-11-21,1195.84,0
POL104607,FL,2024-10-20,1261.3,1
POL104608,CT,2024-06-05,1002.66,10
POL104609,CT,2025-06-07,1355.28,9
POL104610,NJ,2024-06-29,1575.4,6
POL104611,NY,2025-04-12,1977.24,4
POL104612,NJ,2025-06-20,1726.98,0
POL104613,NJ,2024-10-11,994.12,12
POL104614,NY,2024-04-09,1526.38,9
POL104615,CT,2024-01-01,953.39,5
POL104616,NY,2025-04-03,1094.2,9
POL104617,FL,2024-04-24,2127.43,12
POL104618,CT,2024-07-19,817.33,13
POL104619,NY,2024-02-20,873.08,8
POL104620,FL,2025-05-12,1260.3,4
POL104621,NJ,2024-11-06,2247.73,8
POL104622,NY,2024-08-09,1002.59,8
POL104623,NJ,2025-01-19,648.51,5
POL104624,PA,2024-02-24,1964.73,4
POL104625,PA,2024-09-10,1164.1,0
POL104626,NJ,2024-03-13,1288.78,0
POL104627,PA,2025-02-16,861.86,10
POL104628,PA,2024-01-02,1012.06,7
POL104629,FL,2024-09-22,1935.84,3
POL104630,PA,2024-08-23,1146.89,2
POL104631,NY,2025-05-21,1325.87,1
POL104632,NJ,2025-03-26,683.79,15
POL104633,NY,2024-09-16,875.98,11
POL104634,NJ,2024-09-26,1023.1,13
POL104635,FL,2024-08-16,1356.2,14
POL104636,PA,2024-04-10,896.58,6
POL104637,PA,2024-12-06,820.25,2
POL104638,NY,2025-05-09,924.2,4
POL104639,NJ,2024-04-26,1004.95,12
POL104640,FL,2024-06-01,841.21,6
POL104641,NJ,2025-03-15,1137.89,11
POL104642,NY,2024-06-05,1023.88,10
POL104643,NJ,2024-10-30,1276.79,1
POL104644,PA,2024-03-19,902.35,9
POL104645,NJ,2024-03-21,1218.63,1
POL104646,FL,2024-04-21,1018.31,1
POL104647,PA,2024-04-29,1384.35,12
POL104648,FL,2025-02-14,849.18,11
POL104649,CT,2024-03-30,1809.04,6
POL104650,CT,2024-09-06,597.92,6
POL104651,NY,2024-02-28,1299.63,9
POL104652,NJ,2024-03-28,2464.36,15
POL104653,NJ,2024-05-15,1750.79,12
POL104654,FL,2024-01-15,1121.19,11
POL104655,FL,2025-02-06,1224.19,10
POL104656,NY,2024-06-21,1467.89,10
POL104657,PA,2024-03-20,861.51,15
POL104658,NJ,2025-02-19,1213.17,10
POL104659,PA,2025-04-08,1593.76,5
POL104660,CT,2024-09-18,477.57,8
POL104661,FL,2025-05-15,936.23,12
POL104662,CT,2024-05-08,1019.7,2
POL104663,CT,2024-11-11,1099.11,14
POL104664,NY,2024-10-01,1586.11,14
POL104665,NJ,2024-07-31,1160.59,10
POL104666,CT,2024-01-29,607.26,11
POL104667,PA,2024-03-09,1083.63,0
POL104668,PA,2025-05-28,1338.25,15
POL104669,FL,2024-12-06,1252.13,1
POL104670,PA,2024-01-15,1038.51,15
POL104671,PA,2025-06-06,1247.47,2
POL104672,PA,2024-03-16,1058.08,6
POL104673,NJ,2024-04-02,1130.17,15
POL104674,PA,2024-08-28,754.88,12
POL104675,PA,2024-10-12,991.06,0
POL104676,PA,2025-06-24,1664.39,8
POL104677,FL,2024-04-02,950.42,15
POL104678,NJ,2025-01-02,1129.0,13
POL104679,FL,2024-02-07,1235.0,8
POL104680,NJ,2024-03-06,728.86,8
POL104681,PA,2024-06-07,1488.88,10
POL104682,NJ,2024-10-20,1619.83,3
POL104683,NJ,2024-11-09,1062.1,14
POL104684,PA,2024-07-20,779.89,14
POL104685,NJ,2024-05-15,825.78,12
POL104686,FL,2024-11-09,1927.73,13
POL104687,NJ,2024-09-23,1114.17,2
POL104688,FL,2024-08-19,1307.19,6
POL104689,NY,2024-01-01,1170.54,12
POL104690,FL,2024-01-02,1086.99,3
POL104691,CT,2024-07-29,977.54,11
POL104692,FL,2024-04-16,637.33,14
POL104693,PA,2024-04-05,1365.12,2
POL104694,NY,2024-10-22,1494.65,10
POL104695,PA,2024-10-11,1409.51,15
POL104696,NY,2024-07-08,681.83,12
POL104697,CT,2024-03-23,1187.46,1
POL104698,NY,2025-04-30,1421.71,6
POL104699,PA,2024-02-08,973.67,9
POL104700,NJ,2024-12-23,1376.34,4
POL104701,NJ,2024-05-23,1118.43,0
POL104702,NJ,2025-06-14,1364.55,1
POL104703,FL,2025-05-13,1317.16,9
POL104704,FL,2024-12-07,811.12,13
POL104705,NJ,2024-09-28,942.26,8
POL104706,NY,2024-09-02,1404.99,13
POL104707,PA,2024-02-12,941.74,11
POL104708,CT,2024-11-18,1241.38,8
POL104709,NY,2024-01-24,1556.66,6
POL104710,PA,2024-09-03,878.96,3
POL104711,NY,2024-07-16,1478.28,11
POL104712,FL,2024-07-31,1623.48,6
POL104713,FL,2024-10-08,1129.0,4
POL104714,NJ,2025-05-26,1338.42,10
POL104715,FL,2024-03-14,970.52,2
POL104716,NJ,2024-10-21,1268.82,7
POL104717,PA,2024-02-27,1318.07,10
POL104718,NY,2025-03-30,1544.49,14
POL104719,NY,2024-09-05,1127.1,7
POL104720,CT,2025-01-28,1830.88,13
POL104721,NY,2024-10-04,1807.81,8
POL104722,PA,2024-11-27,1009.7,7
POL104723,PA,2025-03-11,789.36,2
POL104724,NY,2024-12-07,766.09,8
POL104725,NJ,2025-03-25,873.05,12
POL104726,PA,2024-03-01,689.14,2
POL104727,NY,2025-05-15,1128.89,8
POL104728,NY,2024-09-17,603.34,10
POL104729,NY,2024-03-16,1559.72,4
POL104730,NJ,2024-03-23,1051.11,8
POL104731,NJ,2024-09-01,1882.98,2
POL104732,CT,2024-04-07,1558.18,1
POL104733,PA,2024-02-09,1502.92,13
POL104734,PA,2024-01-18,768.06,3
POL104735,CT,2024-10-30,786.58,7
POL104736,FL,2024-08-14,873.38,3
POL104737,NY,2025-01-14,1237.59,3
POL104738,FL,2024-08-08,747.25,14
POL104739,NY,2025-06-28,1392.67,4
POL104740,FL,2024-02-04,752.27,0
POL104741,PA,2025-04-13,960.23,3
POL104742,NJ,2024-10-29,1344.43,11
POL104743,PA,2025-02-11,1184.59,2
POL104744,PA,2025-01-30,1165.12,11
POL104745,NY,2025-05-16,1507.15,5
POL104746,PA,2024-08-02,931.45,1
POL104747,CT,2024-09-24,529.83,15
POL104748,NY,2024-08-12,1061.42,4
POL104749,NY,2024-10-22,971.12,9
POL104750,NY,2025-03-17,798.29,13
POL104751,NY,2025-01-21,1344.36,7
POL104752,FL,2025-02-12,647.29,0
POL104753,FL,2024-06-09,1629.93,13
POL104754,NY,2024-07-14,529.21,10
POL104755,NJ,2024-11-10,1034.06,1
POL104756,FL,2025-06-30,968.09,5
POL104757,FL,2024-01-03,962.2,15
POL104758,NJ,2024-04-27,987.25,10
POL104759,CT,2024-06-02,765.7,10
POL104760,FL,2024-06-27,983.34,13
POL104761,NJ,2024-07-11,1310.0,3
POL104762,NJ,2024-03-26,2996.81,10
POL104763,NJ,2025-06-20,740.52,3
POL104764,NJ,2024-07-02,1276.66,15
POL104765,FL,2025-03-16,1116.95,7
POL104766,FL,2024-12-11,1318.94,3
POL104767,PA,2025-04-17,650.16,2
POL104768,FL,2025-02-17,1451.98,9
POL104769,PA,2024-01-27,808.15,7
POL104770,NY,2025-01-26,1359.85,13
POL104771,FL,2024-09-14,1070.23,6
POL104772,NY,2025-05-06,1072.02,5
POL104773,NY,2024-12-13,1293.17,5
POL104774,PA,2025-04-03,1336.31,6
POL104775,FL,2024-03-13,2264.97,15
POL104776,NY,2024-04-01,1074.11,15
POL104777,PA,2025-01-25,1148.11,5
POL104778,FL,2025-01-25,680.59,4
POL104779,FL,2024-01-10,1259.93,9
POL104780,PA,2024-06-24,2224.12,3
POL104781,NJ,2024-09-06,1178.02,13
POL104782,NJ,2024-07-02,619.02,12
POL104783,FL,2024-06-30,653.85,8
POL104784,FL,2024-06-17,1029.9,9
POL104785,FL,2025-06-21,823.72,7
POL104786,NJ,2024-07-11,947.81,14
POL104787,NJ,2025-05-27,959.02,3
POL104788,FL,2025-03-07,1703.08,4
POL104789,FL,2024-09-05,487.95,8
POL104790,NY,2024-10-16,808.95,1
POL104791,CT,2025-03-02,1028.39,9
POL104792,FL,2025-02-26,489.25,13
POL104793,FL,2024-05-18,1780.34,15
POL104794,FL,2024-09-14,1521.94,9
POL104795,NY,2024-11-19,1045.39,11
POL104796,NJ,2025-05-27,1155.65,0
POL104797,PA,2025-03-11,759.43,6
POL104798,NJ,2024-06-13,1413.81,12
POL104799,NJ,2024-02-20,514.08,12
POL104800,PA,2025-03-04,1078.29,14
POL104801,PA,2024-12-07,871.57,5
POL104802,FL,2025-03-10,708.08,13
POL104803,FL,2024-06-20,816.43,12
POL104804,FL,2025-01-17,906.03,12
POL104805,FL,2025-03-18,569.23,2
POL104806,NY,2024-02-02,1485.2,14
POL104807,PA,2024-10-15,831.18,7
POL104808,FL,2024-06-21,710.38,14
POL104809,CT,2024-10-24,1778.75,5
POL104810,NY,2024-03-02,999.29,14
POL104811,NJ,2025-05-13,2867.51,2
POL104812,FL,2025-01-26,928.59,1
POL104813,NY,2025-03-21,1453.24,1
POL104814,CT,2025-06-06,1017.26,3
POL104815,PA,2024-07-18,1319.55,13
POL104816,CT,2025-05-01,630.21,12
POL104817,FL,2024-06-24,1301.79,7
POL104818,NY,2024-09-29,1165.67,3
POL104819,PA,2025-02-28,555.76,9
POL104820,PA,2024-02-01,882.89,3
POL104821,FL,2025-02-16,954.14,3
POL104822,NY,2024-12-20,1003.89,14
POL104823,PA,2025-03-19,838.0,8
POL104824,NY,2024-12-01,824.03,13
POL104825,FL,2024-07-01,1133.06,14
POL104826,NY,2024-10-17,815.63,10
POL104827,NY,2024-09-24,2366.48,12
POL104828,NJ,2024-03-02,1602.93,3
POL104829,PA,2024-08-04,1209.97,4
POL104830,FL,2024-07-29,983.15,12
POL104831,NY,2025-06-30,915.35,11
POL104832,PA,2024-03-02,1603.7,8
POL104833,CT,2024-12-15,911.03,12
POL104834,CT,2024-03-02,1669.21,0
POL104835,FL,2024-04-05,742.2,1
POL104836,FL,2025-01-20,1006.87,1
POL104837,PA,2024-06-17,1115.88,3
POL104838,NY,2024-09-16,2138.09,6
POL104839,NJ,2025-01-20,2110.4,12
POL104840,NJ,2024-01-26,1358.54,6
POL104841,FL,2024-11-04,689.2,8
POL104842,PA,2024-10-30,1384.08,6
POL104843,PA,2025-02-28,1054.13,0
POL104844,NY,2024-05-06,871.43,0
POL104845,PA,2024-07-10,1251.65,2
POL104846,NY,2025-05-14,1452.62,13
POL104847,NY,2025-05-04,1359.11,13
POL104848,NY,2024-04-18,2335.11,12
POL104849,NY,2024-08-21,1182.38,12
POL104850,PA,2024-04-19,1005.56,0
POL104851,NJ,2025-05-18,954.19,10
POL104852,FL,2025-02-23,829.75,15
POL104853,NJ,2024-04-08,1091.64,15
POL104854,PA,2024-07-20,1521.74,14
POL104855,FL,2024-10-09,1408.6,9
POL104856,NY,2024-11-27,1381.65,0
POL104857,NY,2024-02-15,816.8,11
POL104858,FL,2024-12-20,2016.24,6
POL104859,PA,2024-12-10,923.58,3
POL104860,NY,2024-11-25,1102.67,14
POL104861,NJ,2024-05-17,1795.25,6
POL104862,NY,2024-06-17,1104.56,2
POL104863,NJ,2024-12-07,1264.62,15
POL104864,NY,2024-11-03,1405.86,9
POL104865,NJ,2024-10-07,1135.54,8
POL104866,CT,2024-11-25,684.13,12
POL104867,FL,2024-06-01,1291.09,14
POL104868,FL,2025-05-30,1232.98,10
POL104869,NJ,2024-08-27,1368.68,1
POL104870,NJ,2024-04-27,898.32,6
POL104871,CT,2024-08-15,2613.09,15
POL104872,CT,2024-02-07,1232.92,9
POL104873,CT,2024-11-22,946.12,8
POL104874,FL,2024-02-09,1639.57,3
POL104875,NJ,2024-02-03,986.78,14
POL104876,NJ,2024-07-22,1175.75,6
POL104877,NY,2024-06-23,801.92,11
POL104878,NY,2025-02-21,901.65,5
POL104879,NY,2024-05-21,733.31,5
POL104880,FL,2024-06-17,1015.49,0
POL104881,NY,2024-01-02,1402.96,10
POL104882,NJ,2024-12-29,1092.09,7
POL104883,NY,2024-03-20,726.64,10
POL104884,NY,2024-01-28,677.91,14
POL104885,FL,2024-06-09,493.17,8
POL104886,NY,2024-12-17,1177.06,8
POL104887,NY,2024-06-15,735.2,4
POL104888,NY,2024-10-03,768.93,12
POL104889,CT,2024-06-02,841.55,7
POL104890,NY,2024-05-12,972.66,14
POL104891,NY,2024-11-27,1528.14,7
POL104892,CT,2024-01-21,1910.1,5
POL104893,PA,2025-04-04,872.69,15
POL104894,CT,2025-03-28,2898.52,12
POL104895,NJ,2024-06-14,1415.82,2
POL104896,NY,2024-03-07,836.02,4
POL104897,CT,2024-09-14,1698.3,11
POL104898,NY,2024-01-28,789.53,6
POL104899,PA,2024-10-12,1173.07,7
POL104900,NY,2025-06-28,1283.93,7
POL104901,FL,2024-08-06,765.48,8
POL104902,NJ,2024-12-05,1213.53,0
POL104903,NY,2024-03-11,1031.28,7
POL104904,PA,2025-02-15,616.78,11
POL104905,NY,2024-10-27,826.84,10
POL104906,NJ,2024-05-07,1474.67,0
POL104907,PA,2024-03-19,795.08,11
POL104908,NY,2024-04-11,1015.66,7
POL104909,NJ,2024-09-11,894.98,7
POL104910,CT,2024-07-07,1062.52,6
POL104911,CT,2024-04-12,2053.39,7
POL104912,NY,2024-06-13,720.74,13
POL104913,FL,2024-06-22,1434.65,9
POL104914,NY,2025-06-16,1032.07,13
POL104915,FL,2025-05-28,1322.31,9
POL104916,FL,2024-10-19,1226.67,4
POL104917,NY,2024-04-07,1411.36,4
POL104918,CT,2025-05-05,1079.08,7
POL104919,CT,2024-07-25,2085.6,15
POL104920,FL,2024-04-29,988.59,11
POL104921,FL,2024-04-20,1277.07,10
POL104922,NY,2025-02-02,1126.71,3
POL104923,NJ,2024-07-19,817.47,6
POL104924,FL,2024-05-17,1051.4,2
POL104925,FL,2025-03-10,1521.75,0
POL104926,NY,2024-04-29,911.84,3
POL104927,NY,2025-06-16,1506.98,7
POL104928,CT,2025-01-01,1033.91,8
POL104929,CT,2025-03-27,1536.66,7
POL104930,CT,2025-04-14,1164.31,9
POL104931,NJ,2025-01-23,1238.14,10
POL104932,NJ,2025-01-19,634.27,7
POL104933,PA,2024-06-07,1922.79,3
POL104934,NY,2024-10-18,702.87,15
POL104935,FL,2024-12-17,820.95,2
POL104936,FL,2024-09-26,903.35,2
POL104937,NY,2024-10-13,1403.41,11
POL104938,FL,2024-01-06,2690.76,13
POL104939,NY,2024-04-04,1168.63,0
POL104940,NJ,2024-11-07,770.54,13
POL104941,PA,2024-11-08,2462.39,14
POL104942,NY,2024-02-16,679.31,10
POL104943,PA,2025-01-05,769.51,13
POL104944,PA,2024-07-05,1255.56,9
POL104945,CT,2024-08-21,848.01,8
POL104946,CT,2025-04-26,964.35,13
POL104947,NY,2024-10-22,520.23,8
POL104948,NJ,2024-02-10,1049.17,9
POL104949,CT,2024-09-09,1028.69,9
POL104950,FL,2024-12-09,814.55,0
POL104951,FL,2024-08-04,2711.06,9
POL104952,NY,2024-10-01,1234.21,4
POL104953,NY,2024-05-19,1227.95,9
POL104954,PA,2024-09-15,749.17,12
POL104955,NJ,2025-02-09,1080.62,15
POL104956,NJ,2024-01-30,1207.67,12
POL104957,CT,2024-07-11,1313.57,9
POL104958,FL,2024-06-23,1383.52,9
POL104959,NJ,2024-05-21,1139.49,12
POL104960,FL,2024-11-29,1418.89,14
POL104961,PA,2024-03-01,608.59,12
POL104962,NY,2024-01-14,568.32,11
POL104963,FL,2024-02-28,1164.03,14
POL104964,FL,2024-10-06,895.39,15
POL104965,NJ,2025-05-22,892.24,11
POL104966,NJ,2025-03-23,1565.49,0
POL104967,FL,2024-08-29,1166.3,6
POL104968,NJ,2024-10-05,658.72,14
POL104969,NY,2025-06-24,836.21,6
POL104970,PA,2024-11-22,1344.3,6
POL104971,NJ,2024-09-17,1558.54,4
POL104972,NJ,2024-12-07,881.12,9
POL104973,PA,2024-10-06,665.68,11
POL104974,CT,2024-07-05,1828.25,7
POL104975,NJ,2025-01-27,893.23,7
POL104976,NY,2024-06-12,1126.77,6
POL104977,FL,2024-03-02,811.7,3
POL104978,NJ,2024-01-23,1470.6,8
POL104979,CT,2024-04-19,1787.98,8
POL104980,FL,2025-06-07,888.88,11
POL104981,NJ,2024-03-01,894.81,8
POL104982,FL,2024-06-28,1503.83,13
POL104983,NY,2024-07-09,2006.55,7
POL104984,NY,2024-04-15,849.4,11
POL104985,PA,2025-03-16,1290.93,14
POL104986,CT,2024-05-10,1267.23,2
POL104987,NY,2024-09-11,1151.67,4
POL104988,NJ,2024-04-13,602.08,2
POL104989,NY,2024-04-05,708.14,6
POL104990,FL,2024-01-28,1756.52,5
POL104991,NY,2024-07-07,1286.69,11
POL104992,FL,2024-07-17,1843.19,7
POL104993,CT,2024-06-30,1444.25,1
POL104994,NY,2024-07-08,1727.52,10
POL104995,FL,2024-07-11,1601.26,2
POL104996,NJ,2025-04-27,663.43,11
POL104997,NY,2025-06-02,998.93,4
POL104998,PA,2025-04-26,1844.09,15
POL104999,FL,2024-11-13,2265.59,15
POL105000,PA,2024-06-17,1136.98,13
POL105001,NJ,2024-06-25,1660.37,9
POL105002,CT,2025-03-23,844.87,11
POL105003,NJ,2024-01-03,1060.13,15
POL105004,NY,2024-05-15,832.66,13
POL105005,NY,2025-06-11,1386.01,15
POL105006,NJ,2024-08-28,1078.07,12
POL105007,FL,2024-03-20,1551.45,2
POL105008,NY,2025-03-22,533.93,11
POL105009,CT,2024-11-03,839.59,6
POL105010,CT,2024-04-28,1061.96,5
POL105011,NY,2024-03-31,834.5,8
POL105012,FL,2025-04-04,708.27,14
POL105013,NY,2024-03-26,1737.42,2
POL105014,NY,2024-08-01,869.43,5
POL105015,NY,2025-04-13,1609.31,9
POL105016,NY,2025-01-17,932.5,5
POL105017,CT,2024-08-16,826.54,14
POL105018,NJ,2024-11-11,967.75,1
POL105019,PA,2024-11-18,671.65,13
POL105020,CT,2024-08-30,1151.74,6
POL105021,NY,2024-03-05,634.56,7
POL105022,FL,2024-10-30,924.12,4
POL105023,FL,2024-06-25,1054.02,3
POL105024,NY,2024-06-13,2346.39,10
POL105025,NJ,2024-01-01,874.8,15
POL105026,PA,2024-12-11,1115.68,2
POL105027,NJ,2024-03-11,1289.82,14
POL105028,PA,2024-09-22,1909.83,3
POL105029,FL,2024-10-18,2012.87,12
POL105030,NJ,2024-10-02,1290.54,12
POL105031,NY,2024-11-22,1515.46,10
POL105032,PA,2024-05-02,1099.12,9
POL105033,NY,2025-03-27,1094.16,3
POL105034,NY,2025-01-18,902.09,0
POL105035,NY,2024-09-11,902.35,8
POL105036,CT,2024-07-21,1195.46,5
POL105037,CT,2024-11-21,763.92,10
POL105038,NY,2025-04-01,876.84,0
POL105039,NJ,2025-06-03,882.09,3
POL105040,CT,2024-01-13,1746.27,14
POL105041,FL,2024-09-22,916.3,13
POL105042,CT,2025-05-02,1303.05,3
POL105043,FL,2025-05-03,1174.92,14
POL105044,NJ,2024-01-15,1119.03,13
POL105045,NY,2024-07-09,560.43,6
POL105046,NY,2024-08-20,503.32,9
POL105047,NJ,2025-06-24,1072.3,0
POL105048,PA,2024-09-28,699.22,6
POL105049,FL,2024-12-03,1576.0,3
POL105050,NY,2025-04-22,1120.88,11
POL105051,NY,2024-12-12,627.77,10
POL105052,NY,2024-02-06,895.95,10
POL105053,NJ,2024-12-13,1336.04,11
POL105054,NJ,2025-01-14,1009.19,13
POL105055,PA,2024-10-23,1542.28,12
POL105056,PA,2024-02-19,1469.7,4
POL105057,NJ,2024-04-30,1509.36,4
POL105058,NJ,2024-02-04,1304.9,14
POL105059,PA,2025-01-26,764.31,15
POL105060,FL,2024-09-10,635.46,11
POL105061,PA,2024-08-24,669.73,8
POL105062,NJ,2025-02-03,1371.88,13
POL105063,PA,2025-01-07,1688.28,3
POL105064,NJ,2025-06-05,1379.38,15
POL105065,NJ,2024-12-09,1585.22,2
POL105066,PA,2024-09-02,1444.95,10
POL105067,NY,2025-05-12,559.66,6
POL105068,FL,2024-04-02,978.12,15
POL105069,PA,2025-06-08,1540.71,5
POL105070,NY,2024-10-01,1060.14,12
POL105071,NJ,2024-08-21,1483.95,0
POL105072,PA,2024-05-23,970.09,5
POL105073,NY,2024-07-25,1298.7,6
POL105074,NY,2025-04-06,649.83,0
POL105075,PA,2024-12-21,786.07,12
POL105076,CT,2024-10-16,749.17,1
POL105077,CT,2025-01-15,1290.43,4
POL105078,NJ,2024-10-18,1678.53,0
POL105079,PA,2024-10-30,1187.55,0
POL105080,NY,2024-06-26,742.3,0
POL105081,CT,2025-02-24,1569.02,8
POL105082,NY,2024-03-18,1904.48,6
POL105083,NY,2025-05-11,628.88,1
POL105084,PA,2024-08-06,1188.46,5
POL105085,NJ,2024-04-08,786.81,13
POL105086,NJ,2025-04-03,641.76,11
POL105087,PA,2024-09-01,2356.95,13
POL105088,NY,2024-09-13,1237.45,13
POL105089,NJ,2025-06-11,1211.46,3
POL105090,PA,2024-07-14,1295.22,13
POL105091,PA,2025-03-09,1231.47,2
POL105092,NY,2024-05-04,818.55,1
POL105093,NJ,2025-03-03,976.95,1
POL105094,NY,2025-01-19,1204.29,15
POL105095,NJ,2024-07-04,705.76,3
POL105096,NJ,2025-02-13,1682.58,9
POL105097,PA,2025-04-30,718.47,6
POL105098,NJ,2024-12-08,958.94,11
POL105099,PA,2025-01-11,575.1,13
POL105100,FL,2025-04-01,1012.88,1
POL105101,PA,2024-01-05,1050.26,11
POL105102,FL,2025-06-15,700.4,6
POL105103,NY,2024-01-02,1143.56,9
POL105104,NJ,2024-05-04,858.74,0
POL105105,NJ,2025-06-11,565.87,9
POL105106,FL,2024-11-02,1175.54,4
POL105107,CT,2025-03-02,733.61,11
POL105108,NJ,2024-11-25,1175.56,6
POL105109,NY,2024-10-13,1759.97,10
POL105110,NJ,2025-06-23,1467.29,9
POL105111,CT,2025-03-10,1286.14,14
POL105112,CT,2024-11-30,760.92,2
POL105113,NJ,2024-06-23,755.43,7
POL105114,CT,2024-01-08,949.39,12
POL105115,NY,2024-11-03,1190.67,8
POL105116,PA,2024-06-28,855.0,7
POL105117,NJ,2024-08-06,973.01,11
POL105118,FL,2024-05-10,1226.63,11
POL105119,NJ,2025-03-30,769.83,6
POL105120,NJ,2025-02-22,740.54,15
POL105121,NY,2024-03-24,605.08,13
POL105122,CT,2024-10-10,1863.25,15
POL105123,FL,2024-05-25,706.42,5
POL105124,PA,2024-04-23,1356.52,10
POL105125,CT,2024-05-28,920.77,12
POL105126,NJ,2025-01-07,1802.16,8
POL105127,FL,2024-06-24,682.1,2
POL105128,NJ,2025-05-15,1305.26,4
POL105129,NY,2025-02-09,667.2,4
POL105130,NY,2024-09-22,765.11,12
POL105131,FL,2024-04-18,785.94,0
POL105132,PA,2024-06-25,1438.44,6
POL105133,NY,2024-09-28,1703.89,8
POL105134,NJ,2025-06-09,1716.21,2
POL105135,PA,2024-11-27,858.58,11
POL105136,NY,2025-04-24,1240.53,8
POL105137,CT,2025-05-23,534.11,14
POL105138,NJ,2024-08-13,1442.65,15
POL105139,FL,2024-02-29,1374.35,5
POL105140,NJ,2024-04-25,977.96,15
POL105141,CT,2025-06-12,989.76,10
POL105142,CT,2025-01-03,1418.4,0
POL105143,NJ,2024-07-30,982.52,13
POL105144,NJ,2025-05-03,668.32,14
POL105145,NY,2024-12-27,633.97,6
POL105146,NY,2024-08-25,1703.46,3
POL105147,FL,2025-05-11,1732.36,7
POL105148,NJ,2025-05-01,1183.97,0
POL105149,NJ,2024-02-28,675.68,8
POL105150,PA,2024-04-04,1070.73,14
POL105151,NY,2024-07-21,1402.17,8
POL105152,CT,2024-08-04,1326.44,7
POL105153,NY,2024-07-26,586.66,15
POL105154,FL,2024-09-10,1002.27,13
POL105155,NJ,2024-06-02,1658.78,15
POL105156,FL,2025-03-24,874.68,12
POL105157,NY,2025-02-01,1109.25,10
POL105158,FL,2024-12-16,1847.08,10
POL105159,PA,2024-03-26,1345.85,12
POL105160,FL,2024-09-10,968.18,10
POL105161,PA,2024-03-02,876.91,14
POL105162,CT,2024-05-15,1395.04,6
POL105163,NY,2024-11-10,1651.42,15
POL105164,PA,2024-11-10,1246.84,9
POL105165,PA,2025-01-13,1795.5,2
POL105166,PA,2024-11-27,672.29,6
POL105167,NY,2024-03-02,1501.49,7
POL105168,NJ,2025-02-01,1681.69,5
POL105169,CT,2024-05-02,1481.33,1
POL105170,NY,2024-04-04,1566.48,11
POL105171,NJ,2024-01-20,887.04,0
POL105172,NJ,2024-03-06,862.12,14
POL105173,NJ,2025-01-28,1085.14,8
POL105174,NY,2024-03-13,1650.25,14
POL105175,NY,2025-03-14,1068.29,0
POL105176,NJ,2024-11-05,597.22,10
POL105177,NJ,2025-04-24,1329.98,11
POL105178,NY,2025-03-11,1107.26,11
POL105179,NJ,2024-12-11,739.03,9
POL105180,PA,2024-01-29,1493.74,3
POL105181,NJ,2024-07-15,1440.74,0
POL105182,FL,2024-05-13,1106.26,5
POL105183,FL,2024-01-30,635.67,12
POL105184,FL,2025-05-01,1201.78,6
POL105185,PA,2025-06-02,1055.33,11
POL105186,FL,2024-02-16,863.02,3
POL105187,NJ,2025-06-10,1283.53,11
POL105188,NJ,2025-01-26,1158.32,13
POL105189,PA,2024-01-05,865.38,0
POL105190,NJ,2025-06-23,1008.99,14
POL105191,PA,2024-02-18,1245.2,14
POL105192,NY,2024-05-02,700.49,0
POL105193,CT,2024-02-23,1417.18,13
POL105194,NY,2024-06-06,715.91,15
POL105195,NJ,2025-01-23,1417.6,11
POL105196,NY,2025-06-18,1170.42,2
POL105197,NY,2024-07-31,1512.97,15
POL105198,FL,2024-11-19,1179.49,10
POL105199,PA,2024-02-20,2119.22,8
POL105200,FL,2025-01-29,1800.87,8
POL105201,NY,2024-05-29,945.31,15
POL105202,CT,2025-05-19,976.13,14
POL105203,NJ,2024-11-04,741.76,1
POL105204,NY,2024-11-29,1174.18,7
POL105205,NY,2024-07-23,1023.27,12
POL105206,NY,2024-04-14,1376.7,11
POL105207,PA,2024-08-11,1812.34,3
POL105208,NY,2024-05-26,1260.17,13
POL105209,NY,2025-06-15,1165.81,11
POL105210,FL,2024-06-07,1572.12,8
POL105211,NJ,2024-05-10,1725.99,11
POL105212,PA,2025-04-25,1609.25,5
POL105213,NJ,2024-03-20,1636.71,10
POL105214,NY,2024-11-02,1690.51,0
POL105215,NY,2025-06-24,833.46,11
POL105216,NJ,2025-06-21,963.85,9
POL105217,NY,2024-03-04,1273.57,9
POL105218,NY,2025-01-11,666.58,14
POL105219,FL,2025-01-19,2201.28,4
POL105220,FL,2024-10-29,691.79,0
POL105221,PA,2024-02-02,1011.57,7
POL105222,NY,2024-03-06,674.23,13
POL105223,FL,2024-07-05,1205.95,8
POL105224,PA,2025-04-12,1147.15,7
POL105225,NJ,2025-01-27,1164.82,13
POL105226,PA,2024-12-31,907.68,1
POL105227,NY,2024-03-12,831.66,7
POL105228,NY,2024-12-09,583.14,11
POL105229,PA,2024-05-20,1315.71,11
POL105230,PA,2024-11-27,1365.33,15
POL105231,PA,2024-11-14,846.21,11
POL105232,NJ,2025-05-07,702.34,4
POL105233,NJ,2025-02-09,732.91,8
POL105234,FL,2024-06-28,1287.82,10
POL105235,FL,2024-03-15,1176.77,0
POL105236,NY,2025-01-11,759.41,6
POL105237,NJ,2025-04-19,999.78,0
POL105238,NJ,2025-04-25,1806.71,12
POL105239,PA,2024-06-11,1241.38,11
POL105240,NY,2024-01-17,792.31,15
POL105241,NY,2024-10-07,1049.63,5
POL105242,PA,2025-01-19,2467.77,3
POL105243,PA,2024-10-10,743.06,13
POL105244,NJ,2024-06-10,1371.61,9
POL105245,NJ,2025-04-06,948.78,11
POL105246,NJ,2025-04-28,1392.32,11
POL105247,FL,2024-11-28,632.95,6
POL105248,PA,2024-01-09,865.82,11
POL105249,NY,2024-01-13,1070.67,11
POL105250,FL,2024-08-26,931.96,3
POL105251,NJ,2024-11-06,1872.61,7
POL105252,NJ,2025-05-26,943.19,12
POL105253,PA,2024-11-02,912.6,11
POL105254,NY,2024-12-15,1114.65,2
POL105255,NY,2025-02-12,1013.58,13
POL105256,NJ,2024-08-07,1126.36,10
POL105257,NJ,2025-04-12,558.9,5
POL105258,FL,2024-09-13,1166.47,8
POL105259,NY,2024-10-07,1218.46,8
POL105260,NY,2024-09-02,1052.28,11
POL105261,NJ,2025-06-12,1117.68,1
POL105262,NJ,2024-10-06,738.29,2
POL105263,NY,2025-05-29,1326.27,7
POL105264,PA,2025-06-08,1521.2,7
POL105265,PA,2025-03-23,1084.33,13
POL105266,PA,2025-06-30,802.2,4
POL105267,NY,2024-03-07,941.01,4
POL105268,NY,2024-04-30,1476.34,7
POL105269,FL,2025-04-15,820.9,15
POL105270,NJ,2025-04-02,1048.8,5
POL105271,NJ,2025-06-17,784.94,15
POL105272,FL,2024-04-27,894.58,2
POL105273,FL,2024-03-14,804.5,9
POL105274,FL,2024-10-18,761.98,12
POL105275,PA,2024-10-12,1205.96,8
POL105276,CT,2025-02-07,990.41,4
POL105277,PA,2024-12-19,812.5,8
POL105278,NY,2024-04-30,1761.69,2
POL105279,NJ,2024-10-30,898.25,10
POL105280,PA,2024-06-15,986.71,13
POL105281,PA,2024-05-14,1824.39,12
POL105282,NY,2024-08-24,996.43,2
POL105283,NJ,2024-07-27,1561.04,12
POL105284,CT,2024-07-23,1250.36,9
POL105285,NJ,2025-01-27,842.12,3
POL105286,FL,2024-06-15,1100.81,6
POL105287,PA,2025-01-13,1542.76,14
POL105288,PA,2024-03-30,847.07,4
POL105289,PA,2025-01-21,766.29,15
POL105290,NY,2024-11-02,1227.25,3
POL105291,CT,2024-02-29,998.47,4
POL105292,PA,2024-09-21,1110.24,4
POL105293,PA,2024-02-11,1200.87,0
POL105294,NY,2024-12-13,1893.84,11
POL105295,PA,2024-03-08,968.07,14
POL105296,NJ,2024-11-17,773.42,12
POL105297,FL,2024-03-08,1256.86,10
POL105298,NJ,2024-07-23,1323.37,0
POL105299,PA,2025-01-25,901.04,4
POL105300,PA,2025-05-06,959.48,7
POL105301,FL,2025-06-27,1121.51,3
POL105302,FL,2024-06-23,943.24,4
POL105303,FL,2024-08-30,1801.5,1
POL105304,FL,2024-10-25,833.0,1
POL105305,NY,2024-11-06,2164.39,9
POL105306,NJ,2024-10-25,1370.47,0
POL105307,FL,2024-06-13,1847.49,14
POL105308,CT,2025-03-02,970.97,4
POL105309,FL,2024-01-01,804.46,13
POL105310,NY,2024-06-21,2090.18,10
POL105311,CT,2024-03-10,868.09,14
POL105312,FL,2024-03-30,927.89,8
POL105313,NJ,2024-08-07,1926.35,5
POL105314,CT,2024-11-23,2303.45,5
POL105315,FL,2024-07-03,642.65,9
POL105316,NJ,2025-04-05,1066.4,15
POL105317,NY,2025-04-14,1548.94,0
POL105318,NJ,2025-01-11,852.19,11
POL105319,FL,2025-02-06,2295.24,8
POL105320,NY,2025-06-14,1104.25,13
POL105321,NJ,2025-03-03,764.13,12
POL105322,NY,2024-06-20,695.63,6
POL105323,CT,2025-03-31,820.01,12
POL105324,FL,2024-08-23,2345.35,13
POL105325,CT,2024-08-25,896.87,9
POL105326,PA,2025-06-25,974.42,12
POL105327,FL,2025-02-18,1532.9,4
POL105328,CT,2024-03-05,1143.62,11
POL105329,NJ,2025-01-26,3109.23,9
POL105330,NY,2024-02-20,1304.47,13
POL105331,CT,2024-05-19,1505.7,3
POL105332,CT,2024-04-24,955.28,2
POL105333,NY,2024-09-11,1509.6,3
POL105334,PA,2024-05-23,1557.73,6
POL105335,NY,2024-10-18,930.88,14
POL105336,PA,2024-02-07,750.12,11
POL105337,CT,2024-01-24,1341.81,9
POL105338,NJ,2024-06-20,890.56,10
POL105339,CT,2025-01-20,842.82,8
POL105340,FL,2025-03-17,1970.44,14
POL105341,NJ,2025-02-14,787.46,15
POL105342,FL,2024-09-18,1683.75,8
POL105343,NY,2024-10-09,741.96,13
POL105344,FL,2024-01-23,1109.62,5
POL105345,NY,2025-04-03,961.44,9
POL105346,FL,2024-11-10,842.96,12
POL105347,NJ,2024-10-18,1387.17,15
POL105348,NJ,2024-04-07,2226.08,14
POL105349,FL,2024-07-08,1394.74,6
POL105350,PA,2025-04-07,668.78,13
POL105351,NJ,2024-05-17,1579.94,7
POL105352,NY,2025-01-25,502.89,3
POL105353,NY,2025-03-22,599.4,4
POL105354,NY,2024-02-12,1171.38,5
POL105355,NJ,2024-09-28,761.0,4
POL105356,PA,2024-09-23,847.61,7
POL105357,FL,2024-10-24,2450.04,1
POL105358,NJ,2024-09-19,1473.57,2
POL105359,NJ,2025-01-31,930.64,5
POL105360,CT,2025-01-07,964.96,7
POL105361,NY,2024-08-10,1499.27,3
POL105362,PA,2025-01-14,1688.16,9
POL105363,NY,2024-10-09,1045.52,1
POL105364,NJ,2024-11-18,532.38,12
POL105365,PA,2024-08-08,512.11,8
POL105366,PA,2024-08-14,1635.7,15
POL105367,FL,2024-10-29,1410.71,5
POL105368,NJ,2025-04-13,1053.88,0
POL105369,FL,2024-01-06,1135.68,11
POL105370,NJ,2025-05-28,786.73,0
POL105371,PA,2024-02-17,1687.33,8
POL105372,FL,2024-10-22,933.72,10
POL105373,NY,2024-03-18,965.25,13
POL105374,NY,2024-07-09,1487.26,3
POL105375,PA,2025-06-03,927.29,15
POL105376,PA,2024-11-15,908.84,14
POL105377,NY,2024-10-06,1605.82,0
POL105378,PA,2024-08-31,1237.04,1
POL105379,NY,2025-04-11,1573.01,9
POL105380,NJ,2024-10-12,1353.16,6
POL105381,CT,2024-10-19,662.46,7
POL105382,NY,2024-05-26,733.9,12
POL105383,NY,2025-01-07,907.89,5
POL105384,FL,2024-11-05,641.65,3
POL105385,PA,2024-10-12,805.97,1
POL105386,NJ,2025-03-18,2125.41,10
POL105387,NJ,2025-01-22,2671.94,10
POL105388,NY,2024-10-19,1511.7,5
POL105389,PA,2024-03-26,597.03,10
POL105390,NJ,2024-07-15,2026.76,7
POL105391,NY,2024-04-01,1467.14,13
POL105392,FL,2024-01-18,1063.89,0
POL105393,NY,2024-07-16,458.45,9
POL105394,NJ,2025-06-27,1008.56,5
POL105395,FL,2024-07-03,748.72,0
POL105396,NY,2024-10-27,837.88,15
POL105397,NY,2025-04-05,1012.58,13
POL105398,NY,2024-04-06,606.4,6
POL105399,PA,2025-02-13,1179.03,3
POL105400,CT,2024-07-14,736.23,6
POL105401,NY,2025-01-22,1228.9,1
POL105402,NY,2024-01-08,1243.52,11
POL105403,FL,2024-02-06,1482.99,5
POL105404,NJ,2024-11-07,1929.6,10
POL105405,FL,2024-09-07,717.09,7
POL105406,PA,2024-08-01,1328.65,0
POL105407,FL,2024-02-12,1494.63,14
POL105408,NY,2024-11-02,1567.94,15
POL105409,NY,2024-10-17,1100.38,15
POL105410,CT,2024-08-27,2058.84,15
POL105411,PA,2024-06-05,792.23,7
POL105412,FL,2024-11-12,1648.02,13
POL105413,NJ,2024-02-14,1039.26,13
POL105414,NY,2024-05-20,977.0,10
POL105415,NY,2024-08-13,1116.96,6
POL105416,PA,2024-05-13,1084.43,12
POL105417,NY,2025-01-09,1454.44,9
POL105418,NJ,2025-05-25,1368.4,9
POL105419,CT,2024-04-12,1841.16,4
POL105420,PA,2024-03-17,1575.36,10
POL105421,NJ,2025-04-20,1035.52,2
POL105422,NY,2024-10-01,2021.38,8
POL105423,CT,2025-01-31,1230.71,7
POL105424,NY,2024-01-23,1730.5,0
POL105425,PA,2025-01-22,609.1,1
POL105426,PA,2025-01-22,940.58,8
POL105427,FL,2025-04-20,1418.56,6
POL105428,NJ,2024-01-26,1129.37,13
POL105429,FL,2024-03-05,1246.99,12
POL105430,FL,2025-02-09,2151.6,10
POL105431,FL,2024-12-08,866.18,13
POL105432,PA,2024-04-05,1339.04,11
POL105433,FL,2024-02-28,730.41,8
POL105434,NY,2024-08-04,1888.66,0
POL105435,NJ,2024-05-24,1073.31,12
POL105436,NY,2024-07-26,959.1,2
POL105437,NY,2024-02-26,1258.08,2
POL105438,PA,2024-03-03,822.7,5
POL105439,FL,2024-08-29,982.54,2
POL105440,CT,2024-10-27,551.5,5
POL105441,NY,2024-10-07,684.07,10
POL105442,NJ,2025-06-23,2118.88,12
POL105443,FL,2025-01-10,1011.85,5
POL105444,PA,2024-07-10,1781.09,5
POL105445,PA,2024-02-25,706.11,9
POL105446,PA,2024-04-23,1373.75,3
POL105447,CT,2024-03-31,903.01,8
POL105448,PA,2024-11-06,925.64,12
POL105449,NY,2024-08-25,1238.39,14
POL105450,NJ,2024-08-11,1091.11,10
POL105451,FL,2025-04-22,1465.49,12
POL105452,NY,2024-11-29,940.59,13
POL105453,PA,2024-02-29,855.67,12
POL105454,PA,2025-03-01,562.25,2
POL105455,NY,2024-09-05,755.83,0
POL105456,FL,2024-06-27,1641.89,14
POL105457,FL,2024-06-16,929.74,1
POL105458,CT,2025-03-27,896.41,8
POL105459,FL,2024-02-20,1493.87,12
POL105460,NY,2025-06-20,1160.96,12
POL105461,NY,2024-08-27,490.4,9
POL105462,FL,2024-03-12,1935.85,15
POL105463,NJ,2025-05-08,3170.41,3
POL105464,NY,2024-09-23,910.11,14
POL105465,PA,2024-08-31,1205.76,2
POL105466,NY,2024-01-05,1313.62,13
POL105467,NJ,2024-12-11,1587.55,14
POL105468,NY,2025-02-26,1349.83,2
POL105469,PA,2025-05-11,1424.28,4
POL105470,NY,2024-07-18,770.32,8
POL105471,FL,2024-06-29,1958.79,13
POL105472,NY,2025-04-23,1261.55,0
POL105473,NJ,2024-12-05,640.82,1
POL105474,FL,2024-03-21,758.75,6
POL105475,FL,2024-06-29,1209.97,10
POL105476,CT,2024-08-11,1299.96,11
POL105477,FL,2025-05-25,870.74,9
POL105478,NY,2024-07-28,1119.46,3
POL105479,CT,2024-10-07,806.43,9
POL105480,PA,2025-03-01,1498.08,1
POL105481,NJ,2024-12-17,716.12,12
POL105482,FL,2024-04-20,1421.01,4
POL105483,NJ,2025-01-19,956.43,14
POL105484,PA,2024-12-20,1767.91,9
POL105485,NY,2024-07-28,953.12,12
POL105486,FL,2025-06-16,795.17,0
POL105487,NY,2025-05-13,863.4,7
POL105488,NJ,2024-03-22,856.0,5
POL105489,NY,2025-05-10,1175.87,6
POL105490,PA,2024-10-15,1131.11,8
POL105491,PA,2024-02-01,677.67,4
POL105492,NY,2024-08-05,1638.85,8
POL105493,FL,2025-01-07,1333.9,8
POL105494,CT,2024-03-08,975.49,2
POL105495,PA,2024-10-07,1105.78,9
POL105496,FL,2024-10-29,879.3,9
POL105497,NJ,2024-06-26,1181.92,6
POL105498,NJ,2025-01-23,1350.49,14
POL105499,PA,2024-02-13,1030.82,13
POL105500,NY,2024-03-27,1237.58,10
POL105501,CT,2024-12-05,984.43,9
POL105502,NY,2025-06-20,1336.27,3
POL105503,NY,2025-03-21,1850.5,8
POL105504,NY,2024-09-14,1019.85,14
POL105505,PA,2024-09-20,620.56,8
POL105506,NY,2024-08-12,671.68,13
POL105507,NY,2024-04-02,1677.7,0
POL105508,NY,2024-02-20,741.74,2
POL105509,NY,2025-06-01,878.43,10
POL105510,FL,2024-04-16,1018.05,1
POL105511,CT,2024-10-11,1286.82,13
POL105512,FL,2024-10-30,1154.82,9
POL105513,NY,2025-05-01,1317.84,8
POL105514,FL,2024-10-19,520.4,1
POL105515,NJ,2024-12-16,665.77,13
POL105516,NY,2024-01-09,1562.13,5
POL105517,CT,2025-04-02,1262.29,10
POL105518,FL,2025-02-20,1549.82,8
POL105519,FL,2025-06-30,896.62,15
POL105520,FL,2024-11-21,1215.68,5
POL105521,PA,2024-02-07,795.0,11
POL105522,FL,2024-11-25,926.4,2
POL105523,NY,2024-05-10,1401.76,10
POL105524,CT,2024-05-20,699.38,0
POL105525,NY,2024-01-19,680.06,0
POL105526,NJ,2024-12-17,1413.17,7
POL105527,NJ,2024-10-11,1802.74,3
POL105528,PA,2024-02-17,466.39,9
POL105529,PA,2024-04-10,1375.39,3
POL105530,CT,2025-05-17,895.18,14
POL105531,FL,2024-03-06,1277.3,1
POL105532,NY,2024-07-28,1060.22,3
POL105533,CT,2024-11-20,1783.63,15
POL105534,NJ,2024-07-19,750.92,4
POL105535,NJ,2025-02-11,530.24,2
POL105536,NJ,2024-05-30,942.64,13
POL105537,NY,2024-03-07,840.31,8
POL105538,NY,2024-01-16,857.57,0
POL105539,PA,2024-12-10,1375.52,11
POL105540,NJ,2025-03-22,1268.38,5
POL105541,FL,2024-08-23,588.47,2
POL105542,NY,2025-06-05,1034.28,5
POL105543,CT,2024-12-27,1654.55,11
POL105544,NY,2025-03-11,1038.23,7
POL105545,PA,2024-07-28,827.84,0
POL105546,CT,2024-05-14,1997.52,15
POL105547,NJ,2024-06-12,876.83,4
POL105548,NY,2024-11-23,462.14,6
POL105549,FL,2024-05-27,1253.22,1
POL105550,FL,2025-01-05,1115.16,4
POL105551,NY,2024-04-07,1231.78,8
POL105552,NY,2024-06-30,1675.49,6
POL105553,NY,2025-03-26,755.39,15
POL105554,PA,2024-05-19,1212.55,4
POL105555,CT,2024-01-17,1140.05,12
POL105556,NJ,2025-03-21,872.01,15
POL105557,NJ,2025-06-26,792.5,6
POL105558,NY,2024-10-01,1754.74,10
POL105559,NY,2025-03-06,1233.03,2
POL105560,NY,2025-05-20,1664.94,12
POL105561,FL,2024-08-13,992.24,12
POL105562,PA,2024-10-25,1877.93,0
POL105563,PA,2024-12-23,1037.13,9
POL105564,PA,2024-09-19,777.49,11
POL105565,PA,2025-03-28,503.17,7
POL105566,CT,2025-05-07,1363.73,11
POL105567,NY,2024-08-16,867.99,10
POL105568,FL,2025-03-11,1212.67,10
POL105569,NY,2024-09-25,764.84,7
POL105570,NJ,2024-07-13,1300.77,7
POL105571,NJ,2025-06-08,2081.4,0
POL105572,NY,2024-08-21,1346.89,9
POL105573,PA,2024-03-19,1046.93,6
POL105574,NJ,2024-03-12,1166.55,10
POL105575,CT,2025-04-15,1250.98,11
POL105576,NJ,2024-01-24,796.66,8
POL105577,NJ,2024-06-09,1091.21,9
POL105578,CT,2025-06-04,899.19,14
POL105579,FL,2024-07-04,1310.09,0
POL105580,FL,2025-04-19,1357.87,11
POL105581,NY,2024-09-29,1181.34,8
POL105582,NY,2024-06-13,1541.23,12
POL105583,NY,2024-04-11,1049.9,5
POL105584,NY,2024-11-12,909.0,13
POL105585,NY,2024-11-22,1164.86,5
POL105586,NJ,2025-02-23,613.59,14
POL105587,FL,2024-05-15,1261.71,1
POL105588,FL,2024-07-02,1016.03,13
POL105589,NJ,2024-08-31,967.85,7
POL105590,PA,2024-03-29,907.27,13
POL105591,NJ,2025-06-12,2624.75,4
POL105592,NJ,2025-02-25,2139.4,8
POL105593,FL,2025-01-28,1338.83,9
POL105594,NY,2024-05-30,1759.33,12
POL105595,FL,2024-07-24,1070.57,0
POL105596,PA,2024-01-16,481.05,15
POL105597,PA,2024-11-23,1056.22,8
POL105598,FL,2025-02-10,647.94,1
POL105599,PA,2024-08-31,1858.13,4
POL105600,FL,2024-10-25,822.29,9
POL105601,NJ,2024-09-16,943.2,15
POL105602,NJ,2025-05-31,1308.85,15
POL105603,NY,2025-05-05,655.53,9
POL105604,FL,2024-08-28,992.74,0
POL105605,CT,2024-10-27,677.14,15
POL105606,PA,2024-08-30,1149.05,12
POL105607,NJ,2024-04-08,1576.88,2
POL105608,NY,2024-09-05,1364.69,0
POL105609,NJ,2024-02-08,1056.81,6
POL105610,NY,2024-11-19,1280.6,2
POL105611,FL,2024-05-03,736.2,8
POL105612,NY,2025-01-19,1470.82,10
POL105613,NY,2024-07-23,1078.63,8
POL105614,FL,2024-05-13,1061.46,15
POL105615,PA,2024-11-25,1846.43,13
POL105616,NJ,2025-04-23,739.44,9
POL105617,FL,2024-06-17,2519.03,9
POL105618,NY,2025-06-22,1807.59,11
POL105619,NY,2025-04-14,1348.53,3
POL105620,CT,2024-03-11,1124.72,5
POL105621,NJ,2024-08-16,981.8,14
POL105622,NJ,2024-04-17,875.58,9
POL105623,PA,2024-05-14,1252.82,10
POL105624,NY,2024-02-25,881.95,5
POL105625,NY,2024-02-17,720.34,3
POL105626,FL,2024-09-21,636.28,14
POL105627,FL,2024-10-17,2541.17,0
POL105628,NJ,2025-01-01,676.19,4
POL105629,NY,2024-01-22,1343.44,11
POL105630,PA,2025-06-28,666.85,1
POL105631,FL,2025-06-07,1655.11,4
POL105632,PA,2024-11-19,826.19,15
POL105633,NY,2024-09-16,552.45,7
POL105634,NJ,2024-12-17,1409.13,14
POL105635,NJ,2025-02-05,812.22,12
POL105636,FL,2024-08-14,859.0,15
POL105637,NJ,2024-08-22,871.79,0
POL105638,NJ,2024-02-16,1446.08,8
POL105639,NJ,2025-06-16,989.89,1
POL105640,NJ,2025-01-30,1081.43,8
POL105641,CT,2025-05-04,1884.38,7
POL105642,NY,2024-07-11,1088.93,8
POL105643,PA,2024-10-09,744.18,7
POL105644,NY,2025-04-18,1257.6,12
POL105645,FL,2024-03-01,889.93,14
POL105646,FL,2024-11-23,1180.14,2
POL105647,PA,2025-03-19,1405.2,1
POL105648,NY,2024-05-14,1529.2,12
POL105649,FL,2024-07-05,1184.29,4
POL105650,FL,2024-04-21,1285.92,14
POL105651,NY,2024-04-19,1504.61,13
POL105652,NJ,2025-05-03,817.09,10
POL105653,NY,2024-04-15,1122.46,8
POL105654,NY,2025-02-05,1217.64,9
POL105655,PA,2024-06-15,788.11,0
POL105656,NJ,2024-11-01,1473.75,13
POL105657,NY,2024-12-19,1407.36,0
POL105658,NJ,2024-07-12,1187.52,9
POL105659,NJ,2025-01-25,3485.64,15
POL105660,PA,2024-12-22,1762.86,0
POL105661,PA,2024-08-03,1915.0,4
POL105662,PA,2024-06-24,1512.95,13
POL105663,PA,2025-06-19,796.33,11
POL105664,NJ,2024-07-24,1506.77,6
POL105665,NY,2025-04-12,896.99,7
POL105666,NY,2025-03-13,700.96,5
POL105667,NY,2025-05-25,899.06,13
POL105668,NJ,2024-10-15,1301.68,8
POL105669,CT,2024-04-17,1104.22,14
POL105670,CT,2024-04-28,926.64,8
POL105671,NY,2024-04-27,676.22,13
POL105672,NJ,2025-02-13,948.87,10
POL105673,NY,2024-07-26,995.3,15
POL105674,FL,2024-02-07,1300.98,5
POL105675,FL,2024-01-19,2111.26,4
POL105676,PA,2024-09-05,837.03,2
POL105677,FL,2024-09-18,1510.56,0
POL105678,FL,2024-02-19,1585.28,6
POL105679,FL,2025-05-22,973.91,12
POL105680,CT,2025-04-14,1112.88,10
POL105681,PA,2024-03-30,929.94,10
POL105682,NY,2024-11-24,1319.91,11
POL105683,PA,2024-08-24,1142.95,4
POL105684,NY,2024-03-31,704.51,13
POL105685,CT,2024-10-31,1495.62,9
POL105686,NY,2025-03-28,1323.21,14
POL105687,NJ,2025-04-08,1154.62,6
POL105688,CT,2025-02-02,1595.86,14
POL105689,NY,2025-02-08,752.09,13
POL105690,NY,2024-12-15,1040.76,4
POL105691,PA,2025-04-02,678.2,1
POL105692,FL,2024-09-24,1109.53,8
POL105693,NY,2025-05-09,1508.05,6
POL105694,PA,2024-09-03,1181.9,5
POL105695,FL,2024-05-04,2270.35,14
POL105696,NJ,2024-02-15,1000.01,11
POL105697,NJ,2024-05-30,1220.15,11
POL105698,PA,2025-06-17,1161.06,13
POL105699,NY,2025-05-09,1027.36,0
POL105700,NY,2024-08-31,871.21,9
POL105701,NY,2025-02-04,1025.56,3
POL105702,NY,2024-11-04,1071.4,11
POL105703,FL,2024-10-16,1215.7,5
POL105704,CT,2025-05-23,827.35,2
POL105705,NY,2025-01-02,951.99,7
POL105706,PA,2024-02-11,1771.26,7
POL105707,FL,2024-07-02,1461.22,5
POL105708,FL,2024-06-05,1023.0,10
POL105709,NJ,2025-04-01,2047.6,0
POL105710,NY,2024-04-28,956.67,6
POL105711,NY,2025-04-24,1202.34,15
POL105712,NJ,2024-01-17,949.86,7
POL105713,NY,2024-02-21,995.16,1
POL105714,NY,2024-01-27,1220.56,7
POL105715,NY,2024-11-20,1030.54,4
POL105716,PA,2024-02-10,1534.65,0
POL105717,CT,2024-10-20,1068.3,2
POL105718,NY,2025-03-20,1364.89,4
POL105719,NY,2024-06-12,1833.42,15
POL105720,FL,2024-12-22,2365.54,9
POL105721,NY,2024-04-29,1130.43,3
POL105722,CT,2024-04-29,1329.72,1
POL105723,NJ,2024-06-20,587.59,7
POL105724,NY,2024-12-29,1600.16,7
POL105725,NY,2025-05-13,878.95,2
POL105726,NJ,2024-05-08,1744.49,7
POL105727,FL,2025-02-25,972.95,3
POL105728,NY,2025-06-08,607.3,0
POL105729,PA,2024-10-21,1308.56,12
POL105730,PA,2024-03-04,872.46,1
POL105731,NJ,2024-08-04,1654.3,0
POL105732,NY,2025-02-24,1498.5,14
POL105733,PA,2024-05-10,1129.34,8
POL105734,PA,2024-08-07,1332.8,4
POL105735,NY,2024-11-25,1384.34,3
POL105736,NJ,2025-02-10,1144.07,15
POL105737,NJ,2024-07-23,574.95,3
POL105738,NY,2024-04-06,773.33,6
POL105739,NY,2024-05-02,1173.83,11
POL105740,NJ,2024-03-17,2138.97,10
POL105741,NY,2024-02-09,1673.92,6
POL105742,NY,2024-08-16,632.43,9
POL105743,PA,2025-02-11,1104.25,2
POL105744,PA,2024-09-19,1422.64,12
POL105745,NY,2024-12-16,1472.63,1
POL105746,CT,2024-12-24,1335.59,5
POL105747,NY,2024-08-07,690.42,0
POL105748,FL,2024-08-13,1009.34,3
POL105749,FL,2024-05-19,1315.48,13
POL105750,FL,2025-05-27,1450.41,12
POL105751,PA,2024-09-12,674.05,5
POL105752,FL,2024-01-30,1621.53,1
POL105753,FL,2025-02-23,1346.14,12
POL105754,NY,2024-09-23,782.88,2
POL105755,FL,2025-01-15,880.82,5
POL105756,FL,2025-01-28,1143.7,9
POL105757,NJ,2025-01-04,525.04,4
POL105758,PA,2024-03-04,1238.09,7
POL105759,CT,2024-05-14,998.64,0
POL105760,FL,2024-07-29,1570.3,7
POL105761,NY,2024-07-14,817.68,10
POL105762,NY,2025-04-07,1102.72,5
POL105763,CT,2024-10-26,2197.38,10
POL105764,FL,2024-08-19,981.66,0
POL105765,NY,2024-01-11,734.42,1
POL105766,FL,2025-01-25,849.25,8
POL105767,CT,2025-03-15,1736.55,14
POL105768,NJ,2024-08-05,1305.72,5
POL105769,PA,2024-08-09,1329.59,4
POL105770,NJ,2024-03-22,1170.43,11
POL105771,NY,2024-01-15,965.02,14
POL105772,NJ,2024-12-23,1440.16,15
POL105773,FL,2024-01-04,1099.7,4
POL105774,NY,2025-06-30,1715.32,11
POL105775,NY,2024-01-15,1256.68,10
POL105776,NY,2024-09-23,1244.53,12
POL105777,PA,2025-03-10,584.4,13
POL105778,NY,2024-11-24,1147.13,12
POL105779,NJ,2025-01-05,1530.19,14
POL105780,FL,2025-02-17,858.99,7
POL105781,FL,2024-05-08,1929.59,10
POL105782,NJ,2025-06-11,1041.88,11
POL105783,NY,2025-01-03,1238.02,9
POL105784,FL,2024-07-03,941.89,2
POL105785,NJ,2025-04-13,802.88,12
POL105786,NY,2025-03-04,1229.45,0
POL105787,FL,2024-03-31,1056.06,5
POL105788,PA,2024-09-12,693.43,8
POL105789,NJ,2024-11-23,1272.35,6
POL105790,NY,2024-01-09,1043.39,7
POL105791,PA,2025-03-17,593.56,6
POL105792,NY,2024-07-06,1661.83,4
POL105793,NY,2024-04-08,1478.87,3
POL105794,PA,2025-03-03,806.15,0
POL105795,FL,2025-02-28,1165.9,0
POL105796,CT,2024-04-06,869.6,8
POL105797,NJ,2025-04-22,1050.74,13
POL105798,FL,2024-12-13,1101.04,12
POL105799,NJ,2024-04-20,960.04,2
POL105800,NJ,2024-06-02,1433.63,12
POL105801,FL,2024-06-07,2586.06,8
POL105802,NY,2025-06-07,839.04,6
POL105803,PA,2025-05-13,1119.16,6
POL105804,NY,2025-04-15,1868.72,8
POL105805,FL,2025-06-23,2290.51,4
POL105806,NJ,2024-04-18,908.43,9
POL105807,FL,2025-03-29,1399.61,4
POL105808,FL,2025-01-24,1589.25,3
POL105809,FL,2024-11-14,608.87,9
POL105810,NJ,2025-05-11,942.85,5
POL105811,NY,2024-09-06,878.64,13
POL105812,NY,2024-09-22,1347.53,2
POL105813,NY,2024-03-26,1391.04,3
POL105814,PA,2024-07-29,965.07,3
POL105815,NY,2025-06-25,447.78,7
POL105816,PA,2025-02-23,638.09,7
POL105817,CT,2025-03-13,1439.89,3
POL105818,NJ,2024-12-27,650.28,0
POL105819,PA,2024-02-21,1270.99,7
POL105820,NY,2025-01-31,1138.5,6
POL105821,PA,2025-06-13,760.91,7
POL105822,NJ,2024-12-24,1187.02,8
POL105823,PA,2024-06-01,1217.92,8
POL105824,FL,2024-03-02,1763.4,4
POL105825,CT,2025-06-02,2110.46,12
POL105826,PA,2024-03-13,1286.6,2
POL105827,NJ,2025-05-09,1030.55,12
POL105828,FL,2024-10-01,826.94,7
POL105829,NJ,2024-04-19,1566.97,14
POL105830,CT,2024-02-09,1490.54,15
POL105831,CT,2024-12-19,735.16,3
POL105832,PA,2024-04-24,2535.44,8
POL105833,FL,2024-01-31,880.34,9
POL105834,FL,2025-02-20,920.81,9
POL105835,NY,2024-04-01,1540.66,14
POL105836,CT,2024-05-31,603.86,4
POL105837,NY,2025-05-01,1243.59,12
POL105838,NJ,2025-01-12,1163.87,8
POL105839,FL,2024-01-08,1546.73,10
POL105840,FL,2024-06-24,1341.75,5
POL105841,NY,2024-12-22,1230.0,4
POL105842,FL,2024-11-20,1312.72,2
POL105843,NY,2024-04-13,2499.19,15
POL105844,NJ,2024-03-07,857.74,12
POL105845,NY,2024-09-01,1027.74,5
POL105846,FL,2025-01-15,1531.84,6
POL105847,PA,2024-05-11,631.69,6
POL105848,PA,2025-05-26,904.03,9
POL105849,FL,2024-10-21,1101.8,11
POL105850,PA,2024-08-12,789.47,3
POL105851,PA,2025-04-26,862.92,4
POL105852,FL,2025-02-01,1869.71,3
POL105853,CT,2025-03-08,858.84,5
POL105854,PA,2024-04-23,1227.24,7
POL105855,FL,2025-01-25,911.85,1
POL105856,NJ,2024-03-17,988.87,1
POL105857,NY,2024-09-08,988.22,7
POL105858,FL,2024-09-24,1381.22,15
POL105859,NY,2025-06-09,1035.78,11
POL105860,FL,2024-11-09,1114.8,3
POL105861,NY,2024-04-11,1004.12,0
POL105862,PA,2024-06-03,1001.17,8
POL105863,CT,2024-12-27,1226.1,11
POL105864,NY,2025-01-21,1482.78,14
POL105865,FL,2024-01-31,886.38,13
POL105866,NJ,2024-04-24,1814.26,0
POL105867,FL,2024-02-20,1350.04,1
POL105868,NJ,2024-04-20,1343.3,4
POL105869,PA,2025-05-08,1679.41,8
POL105870,NJ,2024-03-29,506.68,8
POL105871,FL,2025-01-14,963.75,0
POL105872,FL,2024-03-08,1158.86,2
POL105873,FL,2024-09-29,1622.11,4
POL105874,PA,2025-02-16,648.1,7
POL105875,CT,2024-08-15,3056.12,11
POL105876,FL,2024-03-08,1531.69,13
POL105877,NY,2024-06-27,815.68,7
POL105878,FL,2024-08-20,1249.1,6
POL105879,NJ,2025-01-10,469.16,2
POL105880,NY,2024-09-17,1141.84,5
POL105881,FL,2025-02-03,1546.15,1
POL105882,PA,2024-09-10,1723.0,15
POL105883,NJ,2024-03-04,1464.98,15
POL105884,NY,2024-07-15,1288.54,6
POL105885,NY,2024-12-01,914.63,3
POL105886,NY,2024-12-04,1319.45,3
POL105887,NY,2024-02-04,695.99,5
POL105888,PA,2024-04-23,1550.6,6
POL105889,NY,2024-07-02,1014.46,11
POL105890,NJ,2024-06-24,1440.97,8
POL105891,NY,2024-09-12,1210.32,6
POL105892,PA,2024-03-04,1349.79,5
POL105893,PA,2024-08-24,839.59,8
POL105894,NJ,2024-01-06,1210.2,13
POL105895,NY,2024-07-12,2027.63,12
POL105896,NJ,2025-05-05,924.66,14
POL105897,PA,2025-01-05,1010.49,5
POL105898,NJ,2025-01-20,1585.96,10
POL105899,FL,2024-04-17,991.47,15
POL105900,NY,2024-12-25,604.77,0
POL105901,NY,2024-03-02,1475.82,13
POL105902,FL,2025-03-22,1672.71,14
POL105903,PA,2025-06-14,1636.88,3
POL105904,PA,2024-04-14,599.01,11
POL105905,NJ,2024-11-19,978.73,12
POL105906,NJ,2025-03-02,940.31,6
POL105907,NY,2024-04-27,1255.81,0
POL105908,PA,2025-01-30,1049.28,3
POL105909,NY,2025-05-09,1017.23,11
POL105910,NY,2024-03-02,2041.51,12
POL105911,PA,2025-05-01,1005.9,9
POL105912,CT,2024-10-01,762.25,5
POL105913,NJ,2025-03-23,1448.57,13
POL105914,CT,2024-04-25,591.89,2
POL105915,NY,2025-01-28,830.82,14
POL105916,PA,2024-11-23,659.45,4
POL105917,PA,2025-03-27,1203.42,10
POL105918,PA,2025-01-22,939.46,14
POL105919,CT,2025-03-03,1095.28,1
POL105920,PA,2025-02-22,1059.38,8
POL105921,CT,2025-05-29,807.01,12
POL105922,NJ,2025-05-04,1124.38,11
POL105923,CT,2025-03-25,1101.82,10
POL105924,NY,2024-06-23,1098.28,9
POL105925,PA,2024-03-02,887.72,7
POL105926,PA,2025-05-30,1062.6,13
POL105927,FL,2024-07-19,993.7,1
POL105928,PA,2025-05-28,1118.09,13
POL105929,NJ,2025-06-21,813.71,15
POL105930,NY,2024-05-17,1369.45,15
POL105931,CT,2024-11-24,661.27,9
POL105932,FL,2024-06-21,1191.46,1
POL105933,FL,2024-08-18,1254.69,15
POL105934,PA,2024-11-03,2069.1,11
POL105935,NJ,2024-10-06,697.84,6
POL105936,FL,2024-01-17,983.18,7
POL105937,CT,2025-06-19,894.89,7
POL105938,PA,2025-04-18,986.04,11
POL105939,FL,2024-02-15,1719.86,14
POL105940,NY,2024-11-22,1407.62,11
POL105941,NY,2024-10-13,1354.99,10
POL105942,NJ,2025-05-25,883.67,2
POL105943,FL,2024-08-17,1183.52,14
POL105944,PA,2024-12-18,1042.41,6
POL105945,PA,2025-04-03,767.53,9
POL105946,NY,2024-09-02,1370.99,14
POL105947,PA,2024-08-10,809.55,9
POL105948,NY,2024-08-31,1020.74,10
POL105949,PA,2025-05-08,1069.01,9
POL105950,PA,2024-09-14,864.25,13
POL105951,NY,2025-04-18,1488.67,12
POL105952,FL,2024-12-15,781.4,1
POL105953,FL,2025-06-02,1238.93,5
POL105954,FL,2025-05-15,1223.06,4
POL105955,NY,2024-08-26,934.2,8
POL105956,PA,2024-04-26,1739.85,9
POL105957,NY,2024-02-11,1393.97,2
POL105958,PA,2024-04-28,1080.4,9
POL105959,NY,2024-06-08,1192.74,13
POL105960,CT,2024-12-24,852.51,8
POL105961,CT,2024-08-16,1128.24,2
POL105962,NY,2024-03-06,1567.24,4
POL105963,NY,2025-03-18,1344.3,12
POL105964,NJ,2024-06-08,1173.37,5
POL105965,NJ,2024-11-07,581.99,4
POL105966,PA,2024-01-06,2004.25,11
POL105967,CT,2025-03-15,1304.7,6
POL105968,NJ,2025-05-25,883.29,9
POL105969,NJ,2024-06-21,871.98,0
POL105970,CT,2024-10-13,1812.21,3
POL105971,NY,2025-03-02,817.86,1
POL105972,NJ,2024-09-03,1333.26,1
POL105973,PA,2025-05-18,720.21,2
POL105974,NJ,2024-11-25,984.34,4
POL105975,FL,2024-10-25,984.73,10
POL105976,PA,2024-05-20,919.23,6
POL105977,FL,2024-03-24,705.78,1
POL105978,FL,2024-10-19,1444.61,15
POL105979,FL,2024-06-17,1322.88,4
POL105980,NY,2024-07-23,632.46,14
POL105981,NY,2024-08-09,1408.08,5
POL105982,NY,2024-08-29,2032.01,5
POL105983,NJ,2024-11-29,1318.37,11
POL105984,PA,2024-06-14,1423.47,3
POL105985,NY,2024-10-23,981.35,12
POL105986,CT,2024-08-04,1015.31,8
POL105987,PA,2024-07-05,958.07,8
POL105988,NJ,2025-02-27,1040.88,2
POL105989,CT,2025-05-28,2291.92,0
POL105990,NY,2024-05-07,1067.22,14
POL105991,PA,2024-10-26,1185.85,8
POL105992,NY,2024-02-08,1913.13,9
POL105993,CT,2024-04-09,900.65,12
POL105994,NY,2024-05-03,662.22,0
POL105995,FL,2024-09-09,980.77,2
POL105996,CT,2024-07-09,576.9,8
POL105997,CT,2025-02-15,1787.52,10
POL105998,NY,2024-09-06,997.36,6
POL105999,NY,2025-05-02,787.28,3
